▲ Next.js 16.1.3
- Local:         http://localhost:3000
- Network:       http://0.0.0.0:3000

✓ Starting...
✓ Ready in 82ms
prisma:query SELECT "public"."User"."id", "public"."User"."nome", "public"."User"."email", "public"."User"."senhaHash", "public"."User"."role", "public"."User"."status", "public"."User"."createdAt", "public"."User"."updatedAt" FROM "public"."User" WHERE "public"."User"."email" = $1 LIMIT $2 OFFSET $3
prisma:query INSERT INTO "public"."Sessao" ("id","userId","expiresAt","createdAt") VALUES ($1,$2,$3,$4) RETURNING "public"."Sessao"."id", "public"."Sessao"."userId", "public"."Sessao"."expiresAt", "public"."Sessao"."createdAt"
prisma:query INSERT INTO "public"."AuditLog" ("id","acao","categoria","severidade","usuarioId","usuarioNome","role","detalhes","createdAt") VALUES ($1,$2,$3,$4,$5,$6,$7,$8,$9) RETURNING "public"."AuditLog"."id", "public"."AuditLog"."acao", "public"."AuditLog"."categoria", "public"."AuditLog"."severidade", "public"."AuditLog"."usuarioId", "public"."AuditLog"."usuarioNome", "public"."AuditLog"."role", "public"."AuditLog"."entidade", "public"."AuditLog"."entidadeId", "public"."AuditLog"."detalhes", "public"."AuditLog"."createdAt"
prisma:query SELECT "public"."Consulta"."id", "public"."Consulta"."pacienteId", "public"."Consulta"."medicoId", "public"."Consulta"."especialidade", "public"."Consulta"."dataInicio", "public"."Consulta"."status", "public"."Consulta"."motivoConsulta", "public"."Consulta"."motivoCancelamento", "public"."Consulta"."resumoMedico", "public"."Consulta"."valor", "public"."Consulta"."pago", "public"."Consulta"."remarcada", "public"."Consulta"."createdAt", "public"."Consulta"."updatedAt" FROM "public"."Consulta" WHERE "public"."Consulta"."pacienteId" = $1 ORDER BY "public"."Consulta"."dataInicio" ASC OFFSET $2
prisma:query SELECT "public"."User"."id", "public"."User"."nome" FROM "public"."User" WHERE "public"."User"."id" IN ($1,$2,$3) OFFSET $4
prisma:query SELECT "public"."User"."id", "public"."User"."nome" FROM "public"."User" WHERE "public"."User"."id" IN ($1) OFFSET $2
prisma:query SELECT "public"."PerfilMedico"."id", "public"."PerfilMedico"."userId", "public"."PerfilMedico"."crm", "public"."PerfilMedico"."especialidade", "public"."PerfilMedico"."subespecialidades", "public"."PerfilMedico"."valor", "public"."PerfilMedico"."avaliacao", "public"."PerfilMedico"."numAvaliacoes", "public"."PerfilMedico"."formacao", "public"."PerfilMedico"."experiencia", "public"."PerfilMedico"."idiomas", "public"."PerfilMedico"."bio", "public"."PerfilMedico"."foto", "public"."PerfilMedico"."status", "public"."PerfilMedico"."horariosDisponiveis" FROM "public"."PerfilMedico" WHERE 1=1 OFFSET $1
prisma:query SELECT "public"."User"."id", "public"."User"."nome", "public"."User"."email", "public"."User"."senhaHash", "public"."User"."role", "public"."User"."status", "public"."User"."createdAt", "public"."User"."updatedAt" FROM "public"."User" WHERE "public"."User"."role" = $1 ORDER BY "public"."User"."createdAt" DESC OFFSET $2
prisma:query SELECT "public"."User"."id", "public"."User"."nome" FROM "public"."User" WHERE "public"."User"."id" IN ($1,$2,$3,$4,$5,$6) OFFSET $7
prisma:query SELECT "public"."PerfilPaciente"."id", "public"."PerfilPaciente"."userId", "public"."PerfilPaciente"."cpf", "public"."PerfilPaciente"."telefone", "public"."PerfilPaciente"."convenio", "public"."PerfilPaciente"."idade", "public"."PerfilPaciente"."genero", "public"."PerfilPaciente"."alergias", "public"."PerfilPaciente"."medicamentos", "public"."PerfilPaciente"."tipoSanguineo", "public"."PerfilPaciente"."peso", "public"."PerfilPaciente"."altura" FROM "public"."PerfilPaciente" WHERE "public"."PerfilPaciente"."userId" IN ($1,$2,$3,$4) OFFSET $5
prisma:query SELECT "public"."Documento"."id", "public"."Documento"."tipo", "public"."Documento"."titulo", "public"."Documento"."conteudo", "public"."Documento"."medicoId", "public"."Documento"."pacienteId", "public"."Documento"."medicamento", "public"."Documento"."posologia", "public"."Documento"."duracao", "public"."Documento"."observacoes", "public"."Documento"."cid", "public"."Documento"."createdAt" FROM "public"."Documento" WHERE "public"."Documento"."pacienteId" = $1 ORDER BY "public"."Documento"."createdAt" DESC OFFSET $2
prisma:query SELECT "public"."User"."id", "public"."User"."nome" FROM "public"."User" WHERE "public"."User"."id" IN ($1,$2) OFFSET $3
prisma:query SELECT "public"."User"."id", "public"."User"."nome" FROM "public"."User" WHERE "public"."User"."id" IN ($1) OFFSET $2
prisma:query SELECT "public"."Consulta"."id", "public"."Consulta"."medicoId" FROM "public"."Consulta" WHERE "public"."Consulta"."pacienteId" = $1 OFFSET $2
prisma:query SELECT "public"."Arquivo"."id", "public"."Arquivo"."nome", "public"."Arquivo"."tipo", "public"."Arquivo"."tamanhoKb", "public"."Arquivo"."enviadoPor", "public"."Arquivo"."usuarioId", "public"."Arquivo"."consulta", "public"."Arquivo"."createdAt" FROM "public"."Arquivo" WHERE ("public"."Arquivo"."usuarioId" = $1 OR "public"."Arquivo"."usuarioId" IN ($2,$3,$4)) ORDER BY "public"."Arquivo"."createdAt" DESC OFFSET $5
prisma:query SELECT "public"."Notificacao"."id", "public"."Notificacao"."usuarioId", "public"."Notificacao"."paraRole", "public"."Notificacao"."tipo", "public"."Notificacao"."titulo", "public"."Notificacao"."texto", "public"."Notificacao"."lida", "public"."Notificacao"."createdAt" FROM "public"."Notificacao" WHERE ("public"."Notificacao"."usuarioId" = $1 OR "public"."Notificacao"."paraRole" = $2 OR ("public"."Notificacao"."usuarioId" IS NULL AND "public"."Notificacao"."paraRole" IS NULL)) ORDER BY "public"."Notificacao"."createdAt" DESC OFFSET $3
prisma:query SELECT "public"."Avaliacao"."id", "public"."Avaliacao"."consultaId", "public"."Avaliacao"."pacienteId", "public"."Avaliacao"."medicoId", "public"."Avaliacao"."nota", "public"."Avaliacao"."comentario", "public"."Avaliacao"."pontualidade", "public"."Avaliacao"."atencao", "public"."Avaliacao"."clareza", "public"."Avaliacao"."createdAt" FROM "public"."Avaliacao" WHERE "public"."Avaliacao"."pacienteId" = $1 ORDER BY "public"."Avaliacao"."createdAt" DESC OFFSET $2
prisma:query SELECT "public"."User"."id", "public"."User"."nome" FROM "public"."User" WHERE "public"."User"."id" IN ($1) OFFSET $2
prisma:query SELECT "public"."User"."id", "public"."User"."nome" FROM "public"."User" WHERE "public"."User"."id" IN ($1) OFFSET $2
prisma:query SELECT "public"."PerfilMedico"."id", "public"."PerfilMedico"."especialidade", "public"."PerfilMedico"."userId" FROM "public"."PerfilMedico" WHERE "public"."PerfilMedico"."userId" IN ($1) OFFSET $2
prisma:query SELECT "public"."Ticket"."id", "public"."Ticket"."usuarioId", "public"."Ticket"."perfil", "public"."Ticket"."assunto", "public"."Ticket"."categoria", "public"."Ticket"."mensagem", "public"."Ticket"."status", "public"."Ticket"."resposta", "public"."Ticket"."respondidoPor", "public"."Ticket"."dataResposta", "public"."Ticket"."createdAt" FROM "public"."Ticket" WHERE "public"."Ticket"."usuarioId" = $1 ORDER BY "public"."Ticket"."createdAt" DESC OFFSET $2
prisma:query SELECT "public"."User"."id", "public"."User"."nome" FROM "public"."User" WHERE "public"."User"."id" IN ($1) OFFSET $2
prisma:query SELECT "public"."Lembrete"."id", "public"."Lembrete"."usuarioId", "public"."Lembrete"."titulo", "public"."Lembrete"."horario", "public"."Lembrete"."tipo", "public"."Lembrete"."frequencia", "public"."Lembrete"."feito", "public"."Lembrete"."medicamento" FROM "public"."Lembrete" WHERE "public"."Lembrete"."usuarioId" = $1 ORDER BY "public"."Lembrete"."horario" ASC OFFSET $2
prisma:query SELECT "public"."Consentimento"."id", "public"."Consentimento"."pacienteId", "public"."Consentimento"."quem", "public"."Consentimento"."perfil", "public"."Consentimento"."finalidade", "public"."Consentimento"."documentos", "public"."Consentimento"."aceito", "public"."Consentimento"."createdAt" FROM "public"."Consentimento" WHERE ("public"."Consentimento"."pacienteId" = $1 OR "public"."Consentimento"."quem" = $2) ORDER BY "public"."Consentimento"."createdAt" DESC OFFSET $3
prisma:query SELECT "public"."User"."id", "public"."User"."nome" FROM "public"."User" WHERE "public"."User"."id" IN ($1) OFFSET $2
prisma:query SELECT "public"."Mensagem"."id", "public"."Mensagem"."deId", "public"."Mensagem"."paraId", "public"."Mensagem"."texto", "public"."Mensagem"."lida", "public"."Mensagem"."createdAt" FROM "public"."Mensagem" WHERE ("public"."Mensagem"."deId" = $1 OR "public"."Mensagem"."paraId" = $2) ORDER BY "public"."Mensagem"."createdAt" ASC OFFSET $3
prisma:query SELECT "public"."User"."id", "public"."User"."nome" FROM "public"."User" WHERE ("public"."User"."role" = $1 AND "public"."User"."status" = $2) LIMIT $3 OFFSET $4
prisma:query SELECT "public"."PerfilPaciente"."id", "public"."PerfilPaciente"."userId", "public"."PerfilPaciente"."cpf", "public"."PerfilPaciente"."telefone", "public"."PerfilPaciente"."convenio", "public"."PerfilPaciente"."idade", "public"."PerfilPaciente"."genero", "public"."PerfilPaciente"."alergias", "public"."PerfilPaciente"."medicamentos", "public"."PerfilPaciente"."tipoSanguineo", "public"."PerfilPaciente"."peso", "public"."PerfilPaciente"."altura" FROM "public"."PerfilPaciente" WHERE ("public"."PerfilPaciente"."userId" = $1 AND 1=1) LIMIT $2 OFFSET $3
prisma:query SELECT "public"."User"."id", "public"."User"."nome", "public"."User"."email" FROM "public"."User" WHERE "public"."User"."id" IN ($1) OFFSET $2
prisma:query SELECT 1
prisma:query SELECT "public"."Sessao"."id", "public"."Sessao"."userId", "public"."Sessao"."expiresAt", "public"."Sessao"."createdAt" FROM "public"."Sessao" WHERE ("public"."Sessao"."id" = $1 AND 1=1) LIMIT $2 OFFSET $3
prisma:query SELECT "public"."User"."id", "public"."User"."nome", "public"."User"."email", "public"."User"."senhaHash", "public"."User"."role", "public"."User"."status", "public"."User"."createdAt", "public"."User"."updatedAt" FROM "public"."User" WHERE "public"."User"."id" IN ($1) OFFSET $2
prisma:query SELECT "public"."Mensagem"."id", "public"."Mensagem"."deId", "public"."Mensagem"."paraId", "public"."Mensagem"."texto", "public"."Mensagem"."lida", "public"."Mensagem"."createdAt" FROM "public"."Mensagem" WHERE ("public"."Mensagem"."deId" = $1 OR "public"."Mensagem"."paraId" = $2) ORDER BY "public"."Mensagem"."createdAt" ASC OFFSET $3
prisma:query SELECT "public"."Sessao"."id", "public"."Sessao"."userId", "public"."Sessao"."expiresAt", "public"."Sessao"."createdAt" FROM "public"."Sessao" WHERE ("public"."Sessao"."id" = $1 AND 1=1) LIMIT $2 OFFSET $3
prisma:query SELECT "public"."User"."id", "public"."User"."nome", "public"."User"."email", "public"."User"."senhaHash", "public"."User"."role", "public"."User"."status", "public"."User"."createdAt", "public"."User"."updatedAt" FROM "public"."User" WHERE "public"."User"."id" IN ($1) OFFSET $2
prisma:query SELECT "public"."Mensagem"."id", "public"."Mensagem"."deId", "public"."Mensagem"."paraId", "public"."Mensagem"."texto", "public"."Mensagem"."lida", "public"."Mensagem"."createdAt" FROM "public"."Mensagem" WHERE ("public"."Mensagem"."deId" = $1 OR "public"."Mensagem"."paraId" = $2) ORDER BY "public"."Mensagem"."createdAt" ASC OFFSET $3
prisma:query SELECT "public"."Sessao"."id", "public"."Sessao"."userId", "public"."Sessao"."expiresAt", "public"."Sessao"."createdAt" FROM "public"."Sessao" WHERE ("public"."Sessao"."id" = $1 AND 1=1) LIMIT $2 OFFSET $3
prisma:query SELECT "public"."User"."id", "public"."User"."nome", "public"."User"."email", "public"."User"."senhaHash", "public"."User"."role", "public"."User"."status", "public"."User"."createdAt", "public"."User"."updatedAt" FROM "public"."User" WHERE "public"."User"."id" IN ($1) OFFSET $2
prisma:query SELECT "public"."Sessao"."id", "public"."Sessao"."userId", "public"."Sessao"."expiresAt", "public"."Sessao"."createdAt" FROM "public"."Sessao" WHERE ("public"."Sessao"."id" = $1 AND 1=1) LIMIT $2 OFFSET $3
prisma:query SELECT "public"."User"."id", "public"."User"."nome", "public"."User"."email", "public"."User"."senhaHash", "public"."User"."role", "public"."User"."status", "public"."User"."createdAt", "public"."User"."updatedAt" FROM "public"."User" WHERE "public"."User"."id" IN ($1) OFFSET $2
prisma:query SELECT 1
prisma:query SELECT 1
prisma:query SELECT "public"."User"."id", "public"."User"."nome", "public"."User"."email", "public"."User"."senhaHash", "public"."User"."role", "public"."User"."status", "public"."User"."createdAt", "public"."User"."updatedAt" FROM "public"."User" WHERE "public"."User"."role" = $1 ORDER BY "public"."User"."createdAt" DESC OFFSET $2
prisma:query SELECT "public"."PerfilPaciente"."id", "public"."PerfilPaciente"."userId", "public"."PerfilPaciente"."cpf", "public"."PerfilPaciente"."telefone", "public"."PerfilPaciente"."convenio", "public"."PerfilPaciente"."idade", "public"."PerfilPaciente"."genero", "public"."PerfilPaciente"."alergias", "public"."PerfilPaciente"."medicamentos", "public"."PerfilPaciente"."tipoSanguineo", "public"."PerfilPaciente"."peso", "public"."PerfilPaciente"."altura" FROM "public"."PerfilPaciente" WHERE "public"."PerfilPaciente"."userId" IN ($1,$2,$3,$4) OFFSET $5
prisma:query SELECT "public"."Consulta"."id", "public"."Consulta"."pacienteId", "public"."Consulta"."medicoId", "public"."Consulta"."especialidade", "public"."Consulta"."dataInicio", "public"."Consulta"."status", "public"."Consulta"."motivoConsulta", "public"."Consulta"."motivoCancelamento", "public"."Consulta"."resumoMedico", "public"."Consulta"."valor", "public"."Consulta"."pago", "public"."Consulta"."remarcada", "public"."Consulta"."createdAt", "public"."Consulta"."updatedAt" FROM "public"."Consulta" WHERE "public"."Consulta"."pacienteId" = $1 ORDER BY "public"."Consulta"."dataInicio" ASC OFFSET $2
prisma:query SELECT "public"."PerfilMedico"."id", "public"."PerfilMedico"."userId", "public"."PerfilMedico"."crm", "public"."PerfilMedico"."especialidade", "public"."PerfilMedico"."subespecialidades", "public"."PerfilMedico"."valor", "public"."PerfilMedico"."avaliacao", "public"."PerfilMedico"."numAvaliacoes", "public"."PerfilMedico"."formacao", "public"."PerfilMedico"."experiencia", "public"."PerfilMedico"."idiomas", "public"."PerfilMedico"."bio", "public"."PerfilMedico"."foto", "public"."PerfilMedico"."status", "public"."PerfilMedico"."horariosDisponiveis" FROM "public"."PerfilMedico" WHERE 1=1 OFFSET $1
prisma:query SELECT "public"."User"."id", "public"."User"."nome" FROM "public"."User" WHERE "public"."User"."id" IN ($1,$2,$3) OFFSET $4
prisma:query SELECT "public"."User"."id", "public"."User"."nome" FROM "public"."User" WHERE "public"."User"."id" IN ($1,$2,$3,$4,$5,$6) OFFSET $7
prisma:query SELECT "public"."User"."id", "public"."User"."nome" FROM "public"."User" WHERE "public"."User"."id" IN ($1) OFFSET $2
prisma:query SELECT "public"."Documento"."id", "public"."Documento"."tipo", "public"."Documento"."titulo", "public"."Documento"."conteudo", "public"."Documento"."medicoId", "public"."Documento"."pacienteId", "public"."Documento"."medicamento", "public"."Documento"."posologia", "public"."Documento"."duracao", "public"."Documento"."observacoes", "public"."Documento"."cid", "public"."Documento"."createdAt" FROM "public"."Documento" WHERE "public"."Documento"."pacienteId" = $1 ORDER BY "public"."Documento"."createdAt" DESC OFFSET $2
prisma:query SELECT "public"."User"."id", "public"."User"."nome" FROM "public"."User" WHERE "public"."User"."id" IN ($1,$2) OFFSET $3
prisma:query SELECT "public"."User"."id", "public"."User"."nome" FROM "public"."User" WHERE "public"."User"."id" IN ($1) OFFSET $2
prisma:query SELECT "public"."Consulta"."id", "public"."Consulta"."medicoId" FROM "public"."Consulta" WHERE "public"."Consulta"."pacienteId" = $1 OFFSET $2
prisma:query SELECT "public"."Arquivo"."id", "public"."Arquivo"."nome", "public"."Arquivo"."tipo", "public"."Arquivo"."tamanhoKb", "public"."Arquivo"."enviadoPor", "public"."Arquivo"."usuarioId", "public"."Arquivo"."consulta", "public"."Arquivo"."createdAt" FROM "public"."Arquivo" WHERE ("public"."Arquivo"."usuarioId" = $1 OR "public"."Arquivo"."usuarioId" IN ($2,$3,$4)) ORDER BY "public"."Arquivo"."createdAt" DESC OFFSET $5
prisma:query SELECT "public"."Notificacao"."id", "public"."Notificacao"."usuarioId", "public"."Notificacao"."paraRole", "public"."Notificacao"."tipo", "public"."Notificacao"."titulo", "public"."Notificacao"."texto", "public"."Notificacao"."lida", "public"."Notificacao"."createdAt" FROM "public"."Notificacao" WHERE ("public"."Notificacao"."usuarioId" = $1 OR "public"."Notificacao"."paraRole" = $2 OR ("public"."Notificacao"."usuarioId" IS NULL AND "public"."Notificacao"."paraRole" IS NULL)) ORDER BY "public"."Notificacao"."createdAt" DESC OFFSET $3
prisma:query SELECT "public"."Avaliacao"."id", "public"."Avaliacao"."consultaId", "public"."Avaliacao"."pacienteId", "public"."Avaliacao"."medicoId", "public"."Avaliacao"."nota", "public"."Avaliacao"."comentario", "public"."Avaliacao"."pontualidade", "public"."Avaliacao"."atencao", "public"."Avaliacao"."clareza", "public"."Avaliacao"."createdAt" FROM "public"."Avaliacao" WHERE "public"."Avaliacao"."pacienteId" = $1 ORDER BY "public"."Avaliacao"."createdAt" DESC OFFSET $2
prisma:query SELECT "public"."User"."id", "public"."User"."nome" FROM "public"."User" WHERE "public"."User"."id" IN ($1) OFFSET $2
prisma:query SELECT "public"."User"."id", "public"."User"."nome" FROM "public"."User" WHERE "public"."User"."id" IN ($1) OFFSET $2
prisma:query SELECT "public"."PerfilMedico"."id", "public"."PerfilMedico"."especialidade", "public"."PerfilMedico"."userId" FROM "public"."PerfilMedico" WHERE "public"."PerfilMedico"."userId" IN ($1) OFFSET $2
prisma:query SELECT "public"."Ticket"."id", "public"."Ticket"."usuarioId", "public"."Ticket"."perfil", "public"."Ticket"."assunto", "public"."Ticket"."categoria", "public"."Ticket"."mensagem", "public"."Ticket"."status", "public"."Ticket"."resposta", "public"."Ticket"."respondidoPor", "public"."Ticket"."dataResposta", "public"."Ticket"."createdAt" FROM "public"."Ticket" WHERE "public"."Ticket"."usuarioId" = $1 ORDER BY "public"."Ticket"."createdAt" DESC OFFSET $2
prisma:query SELECT "public"."User"."id", "public"."User"."nome" FROM "public"."User" WHERE "public"."User"."id" IN ($1) OFFSET $2
prisma:query SELECT "public"."Lembrete"."id", "public"."Lembrete"."usuarioId", "public"."Lembrete"."titulo", "public"."Lembrete"."horario", "public"."Lembrete"."tipo", "public"."Lembrete"."frequencia", "public"."Lembrete"."feito", "public"."Lembrete"."medicamento" FROM "public"."Lembrete" WHERE "public"."Lembrete"."usuarioId" = $1 ORDER BY "public"."Lembrete"."horario" ASC OFFSET $2
prisma:query SELECT "public"."Consentimento"."id", "public"."Consentimento"."pacienteId", "public"."Consentimento"."quem", "public"."Consentimento"."perfil", "public"."Consentimento"."finalidade", "public"."Consentimento"."documentos", "public"."Consentimento"."aceito", "public"."Consentimento"."createdAt" FROM "public"."Consentimento" WHERE ("public"."Consentimento"."pacienteId" = $1 OR "public"."Consentimento"."quem" = $2) ORDER BY "public"."Consentimento"."createdAt" DESC OFFSET $3
prisma:query SELECT "public"."User"."id", "public"."User"."nome" FROM "public"."User" WHERE "public"."User"."id" IN ($1) OFFSET $2
prisma:query SELECT "public"."Mensagem"."id", "public"."Mensagem"."deId", "public"."Mensagem"."paraId", "public"."Mensagem"."texto", "public"."Mensagem"."lida", "public"."Mensagem"."createdAt" FROM "public"."Mensagem" WHERE ("public"."Mensagem"."deId" = $1 OR "public"."Mensagem"."paraId" = $2) ORDER BY "public"."Mensagem"."createdAt" ASC OFFSET $3
prisma:query SELECT "public"."User"."id", "public"."User"."nome" FROM "public"."User" WHERE ("public"."User"."role" = $1 AND "public"."User"."status" = $2) LIMIT $3 OFFSET $4
prisma:query SELECT "public"."PerfilPaciente"."id", "public"."PerfilPaciente"."userId", "public"."PerfilPaciente"."cpf", "public"."PerfilPaciente"."telefone", "public"."PerfilPaciente"."convenio", "public"."PerfilPaciente"."idade", "public"."PerfilPaciente"."genero", "public"."PerfilPaciente"."alergias", "public"."PerfilPaciente"."medicamentos", "public"."PerfilPaciente"."tipoSanguineo", "public"."PerfilPaciente"."peso", "public"."PerfilPaciente"."altura" FROM "public"."PerfilPaciente" WHERE ("public"."PerfilPaciente"."userId" = $1 AND 1=1) LIMIT $2 OFFSET $3
prisma:query SELECT "public"."User"."id", "public"."User"."nome", "public"."User"."email" FROM "public"."User" WHERE "public"."User"."id" IN ($1) OFFSET $2
prisma:query SELECT 1
prisma:query SELECT "public"."Sessao"."id", "public"."Sessao"."userId", "public"."Sessao"."expiresAt", "public"."Sessao"."createdAt" FROM "public"."Sessao" WHERE ("public"."Sessao"."id" = $1 AND 1=1) LIMIT $2 OFFSET $3
prisma:query SELECT 1
prisma:query SELECT "public"."User"."id", "public"."User"."nome", "public"."User"."email", "public"."User"."senhaHash", "public"."User"."role", "public"."User"."status", "public"."User"."createdAt", "public"."User"."updatedAt" FROM "public"."User" WHERE "public"."User"."id" IN ($1) OFFSET $2
prisma:query SELECT "public"."Sessao"."id", "public"."Sessao"."userId", "public"."Sessao"."expiresAt", "public"."Sessao"."createdAt" FROM "public"."Sessao" WHERE ("public"."Sessao"."id" = $1 AND 1=1) LIMIT $2 OFFSET $3
prisma:query SELECT "public"."Mensagem"."id", "public"."Mensagem"."deId", "public"."Mensagem"."paraId", "public"."Mensagem"."texto", "public"."Mensagem"."lida", "public"."Mensagem"."createdAt" FROM "public"."Mensagem" WHERE ("public"."Mensagem"."deId" = $1 OR "public"."Mensagem"."paraId" = $2) ORDER BY "public"."Mensagem"."createdAt" ASC OFFSET $3
prisma:query SELECT "public"."User"."id", "public"."User"."nome", "public"."User"."email", "public"."User"."senhaHash", "public"."User"."role", "public"."User"."status", "public"."User"."createdAt", "public"."User"."updatedAt" FROM "public"."User" WHERE "public"."User"."id" IN ($1) OFFSET $2
prisma:query INSERT INTO "public"."AuditLog" ("id","acao","categoria","severidade","usuarioId","usuarioNome","role","detalhes","createdAt") VALUES ($1,$2,$3,$4,$5,$6,$7,$8,$9) RETURNING "public"."AuditLog"."id", "public"."AuditLog"."acao", "public"."AuditLog"."categoria", "public"."AuditLog"."severidade", "public"."AuditLog"."usuarioId", "public"."AuditLog"."usuarioNome", "public"."AuditLog"."role", "public"."AuditLog"."entidade", "public"."AuditLog"."entidadeId", "public"."AuditLog"."detalhes", "public"."AuditLog"."createdAt"
prisma:query SELECT "public"."Sessao"."id", "public"."Sessao"."userId", "public"."Sessao"."expiresAt", "public"."Sessao"."createdAt" FROM "public"."Sessao" WHERE ("public"."Sessao"."id" = $1 AND 1=1) LIMIT $2 OFFSET $3
prisma:query DELETE FROM "public"."Sessao" WHERE "public"."Sessao"."id" = $1
prisma:query SELECT "public"."User"."id", "public"."User"."nome", "public"."User"."email", "public"."User"."senhaHash", "public"."User"."role", "public"."User"."status", "public"."User"."createdAt", "public"."User"."updatedAt" FROM "public"."User" WHERE "public"."User"."id" IN ($1) OFFSET $2
prisma:query SELECT "public"."User"."id", "public"."User"."nome", "public"."User"."email", "public"."User"."senhaHash", "public"."User"."role", "public"."User"."status", "public"."User"."createdAt", "public"."User"."updatedAt" FROM "public"."User" WHERE "public"."User"."email" = $1 LIMIT $2 OFFSET $3
prisma:query INSERT INTO "public"."Sessao" ("id","userId","expiresAt","createdAt") VALUES ($1,$2,$3,$4) RETURNING "public"."Sessao"."id", "public"."Sessao"."userId", "public"."Sessao"."expiresAt", "public"."Sessao"."createdAt"
prisma:query INSERT INTO "public"."AuditLog" ("id","acao","categoria","severidade","usuarioId","usuarioNome","role","detalhes","createdAt") VALUES ($1,$2,$3,$4,$5,$6,$7,$8,$9) RETURNING "public"."AuditLog"."id", "public"."AuditLog"."acao", "public"."AuditLog"."categoria", "public"."AuditLog"."severidade", "public"."AuditLog"."usuarioId", "public"."AuditLog"."usuarioNome", "public"."AuditLog"."role", "public"."AuditLog"."entidade", "public"."AuditLog"."entidadeId", "public"."AuditLog"."detalhes", "public"."AuditLog"."createdAt"
prisma:query SELECT "public"."PerfilMedico"."id", "public"."PerfilMedico"."userId", "public"."PerfilMedico"."crm", "public"."PerfilMedico"."especialidade", "public"."PerfilMedico"."subespecialidades", "public"."PerfilMedico"."valor", "public"."PerfilMedico"."avaliacao", "public"."PerfilMedico"."numAvaliacoes", "public"."PerfilMedico"."formacao", "public"."PerfilMedico"."experiencia", "public"."PerfilMedico"."idiomas", "public"."PerfilMedico"."bio", "public"."PerfilMedico"."foto", "public"."PerfilMedico"."status", "public"."PerfilMedico"."horariosDisponiveis" FROM "public"."PerfilMedico" WHERE 1=1 OFFSET $1
prisma:query SELECT 1
prisma:query SELECT "public"."Consulta"."id", "public"."Consulta"."pacienteId", "public"."Consulta"."medicoId", "public"."Consulta"."especialidade", "public"."Consulta"."dataInicio", "public"."Consulta"."status", "public"."Consulta"."motivoConsulta", "public"."Consulta"."motivoCancelamento", "public"."Consulta"."resumoMedico", "public"."Consulta"."valor", "public"."Consulta"."pago", "public"."Consulta"."remarcada", "public"."Consulta"."createdAt", "public"."Consulta"."updatedAt" FROM "public"."Consulta" WHERE "public"."Consulta"."medicoId" = $1 ORDER BY "public"."Consulta"."dataInicio" ASC OFFSET $2
prisma:query SELECT "public"."User"."id", "public"."User"."nome" FROM "public"."User" WHERE "public"."User"."id" IN ($1,$2,$3,$4,$5,$6) OFFSET $7
prisma:query SELECT "public"."User"."id", "public"."User"."nome", "public"."User"."email", "public"."User"."senhaHash", "public"."User"."role", "public"."User"."status", "public"."User"."createdAt", "public"."User"."updatedAt" FROM "public"."User" WHERE "public"."User"."role" = $1 ORDER BY "public"."User"."createdAt" DESC OFFSET $2
prisma:query SELECT "public"."User"."id", "public"."User"."nome" FROM "public"."User" WHERE "public"."User"."id" IN ($1) OFFSET $2
prisma:query SELECT "public"."PerfilPaciente"."id", "public"."PerfilPaciente"."userId", "public"."PerfilPaciente"."cpf", "public"."PerfilPaciente"."telefone", "public"."PerfilPaciente"."convenio", "public"."PerfilPaciente"."idade", "public"."PerfilPaciente"."genero", "public"."PerfilPaciente"."alergias", "public"."PerfilPaciente"."medicamentos", "public"."PerfilPaciente"."tipoSanguineo", "public"."PerfilPaciente"."peso", "public"."PerfilPaciente"."altura" FROM "public"."PerfilPaciente" WHERE "public"."PerfilPaciente"."userId" IN ($1,$2,$3,$4) OFFSET $5
prisma:query SELECT "public"."User"."id", "public"."User"."nome" FROM "public"."User" WHERE "public"."User"."id" IN ($1) OFFSET $2
prisma:query SELECT "public"."Consulta"."id", "public"."Consulta"."pacienteId" FROM "public"."Consulta" WHERE "public"."Consulta"."medicoId" = $1 OFFSET $2
prisma:query SELECT "public"."Documento"."id", "public"."Documento"."tipo", "public"."Documento"."titulo", "public"."Documento"."conteudo", "public"."Documento"."medicoId", "public"."Documento"."pacienteId", "public"."Documento"."medicamento", "public"."Documento"."posologia", "public"."Documento"."duracao", "public"."Documento"."observacoes", "public"."Documento"."cid", "public"."Documento"."createdAt" FROM "public"."Documento" WHERE ("public"."Documento"."medicoId" = $1 OR "public"."Documento"."pacienteId" IN ($2)) ORDER BY "public"."Documento"."createdAt" DESC OFFSET $3
prisma:query SELECT "public"."User"."id", "public"."User"."nome" FROM "public"."User" WHERE "public"."User"."id" IN ($1,$2,$3) OFFSET $4
prisma:query SELECT "public"."User"."id", "public"."User"."nome" FROM "public"."User" WHERE "public"."User"."id" IN ($1,$2) OFFSET $3
prisma:query SELECT "public"."Consulta"."id", "public"."Consulta"."pacienteId" FROM "public"."Consulta" WHERE "public"."Consulta"."medicoId" = $1 OFFSET $2
prisma:query SELECT "public"."Arquivo"."id", "public"."Arquivo"."nome", "public"."Arquivo"."tipo", "public"."Arquivo"."tamanhoKb", "public"."Arquivo"."enviadoPor", "public"."Arquivo"."usuarioId", "public"."Arquivo"."consulta", "public"."Arquivo"."createdAt" FROM "public"."Arquivo" WHERE ("public"."Arquivo"."usuarioId" = $1 OR "public"."Arquivo"."usuarioId" IN ($2)) ORDER BY "public"."Arquivo"."createdAt" DESC OFFSET $3
prisma:query SELECT "public"."Notificacao"."id", "public"."Notificacao"."usuarioId", "public"."Notificacao"."paraRole", "public"."Notificacao"."tipo", "public"."Notificacao"."titulo", "public"."Notificacao"."texto", "public"."Notificacao"."lida", "public"."Notificacao"."createdAt" FROM "public"."Notificacao" WHERE ("public"."Notificacao"."usuarioId" = $1 OR "public"."Notificacao"."paraRole" = $2 OR ("public"."Notificacao"."usuarioId" IS NULL AND "public"."Notificacao"."paraRole" IS NULL)) ORDER BY "public"."Notificacao"."createdAt" DESC OFFSET $3
prisma:query SELECT "public"."Avaliacao"."id", "public"."Avaliacao"."consultaId", "public"."Avaliacao"."pacienteId", "public"."Avaliacao"."medicoId", "public"."Avaliacao"."nota", "public"."Avaliacao"."comentario", "public"."Avaliacao"."pontualidade", "public"."Avaliacao"."atencao", "public"."Avaliacao"."clareza", "public"."Avaliacao"."createdAt" FROM "public"."Avaliacao" WHERE "public"."Avaliacao"."medicoId" = $1 ORDER BY "public"."Avaliacao"."createdAt" DESC OFFSET $2
prisma:query SELECT "public"."User"."id", "public"."User"."nome" FROM "public"."User" WHERE "public"."User"."id" IN ($1) OFFSET $2
prisma:query SELECT "public"."User"."id", "public"."User"."nome" FROM "public"."User" WHERE "public"."User"."id" IN ($1) OFFSET $2
prisma:query SELECT "public"."PerfilMedico"."id", "public"."PerfilMedico"."especialidade", "public"."PerfilMedico"."userId" FROM "public"."PerfilMedico" WHERE "public"."PerfilMedico"."userId" IN ($1) OFFSET $2
prisma:query SELECT 1
prisma:query SELECT "public"."Ticket"."id", "public"."Ticket"."usuarioId", "public"."Ticket"."perfil", "public"."Ticket"."assunto", "public"."Ticket"."categoria", "public"."Ticket"."mensagem", "public"."Ticket"."status", "public"."Ticket"."resposta", "public"."Ticket"."respondidoPor", "public"."Ticket"."dataResposta", "public"."Ticket"."createdAt" FROM "public"."Ticket" WHERE "public"."Ticket"."usuarioId" = $1 ORDER BY "public"."Ticket"."createdAt" DESC OFFSET $2
prisma:query SELECT "public"."Lembrete"."id", "public"."Lembrete"."usuarioId", "public"."Lembrete"."titulo", "public"."Lembrete"."horario", "public"."Lembrete"."tipo", "public"."Lembrete"."frequencia", "public"."Lembrete"."feito", "public"."Lembrete"."medicamento" FROM "public"."Lembrete" WHERE "public"."Lembrete"."usuarioId" = $1 ORDER BY "public"."Lembrete"."horario" ASC OFFSET $2
prisma:query SELECT "public"."Consentimento"."id", "public"."Consentimento"."pacienteId", "public"."Consentimento"."quem", "public"."Consentimento"."perfil", "public"."Consentimento"."finalidade", "public"."Consentimento"."documentos", "public"."Consentimento"."aceito", "public"."Consentimento"."createdAt" FROM "public"."Consentimento" WHERE "public"."Consentimento"."quem" = $1 ORDER BY "public"."Consentimento"."createdAt" DESC OFFSET $2
prisma:query SELECT "public"."Mensagem"."id", "public"."Mensagem"."deId", "public"."Mensagem"."paraId", "public"."Mensagem"."texto", "public"."Mensagem"."lida", "public"."Mensagem"."createdAt" FROM "public"."Mensagem" WHERE ("public"."Mensagem"."deId" = $1 OR "public"."Mensagem"."paraId" = $2) ORDER BY "public"."Mensagem"."createdAt" ASC OFFSET $3
prisma:query SELECT "public"."User"."id", "public"."User"."nome" FROM "public"."User" WHERE ("public"."User"."role" = $1 AND "public"."User"."status" = $2) LIMIT $3 OFFSET $4
prisma:query SELECT "public"."Consulta"."id", "public"."Consulta"."pacienteId" FROM "public"."Consulta" WHERE "public"."Consulta"."medicoId" = $1 OFFSET $2
prisma:query SELECT "public"."Sessao"."id", "public"."Sessao"."userId", "public"."Sessao"."expiresAt", "public"."Sessao"."createdAt" FROM "public"."Sessao" WHERE ("public"."Sessao"."id" = $1 AND 1=1) LIMIT $2 OFFSET $3
prisma:query SELECT "public"."User"."id", "public"."User"."nome", "public"."User"."email", "public"."User"."senhaHash", "public"."User"."role", "public"."User"."status", "public"."User"."createdAt", "public"."User"."updatedAt" FROM "public"."User" WHERE "public"."User"."id" IN ($1) OFFSET $2
prisma:query SELECT "public"."Sessao"."id", "public"."Sessao"."userId", "public"."Sessao"."expiresAt", "public"."Sessao"."createdAt" FROM "public"."Sessao" WHERE ("public"."Sessao"."id" = $1 AND 1=1) LIMIT $2 OFFSET $3
prisma:query SELECT "public"."User"."id", "public"."User"."nome", "public"."User"."email", "public"."User"."senhaHash", "public"."User"."role", "public"."User"."status", "public"."User"."createdAt", "public"."User"."updatedAt" FROM "public"."User" WHERE "public"."User"."id" IN ($1) OFFSET $2
prisma:query SELECT "public"."PerfilMedico"."id", "public"."PerfilMedico"."userId", "public"."PerfilMedico"."crm", "public"."PerfilMedico"."especialidade", "public"."PerfilMedico"."subespecialidades", "public"."PerfilMedico"."valor", "public"."PerfilMedico"."avaliacao", "public"."PerfilMedico"."numAvaliacoes", "public"."PerfilMedico"."formacao", "public"."PerfilMedico"."experiencia", "public"."PerfilMedico"."idiomas", "public"."PerfilMedico"."bio", "public"."PerfilMedico"."foto", "public"."PerfilMedico"."status", "public"."PerfilMedico"."horariosDisponiveis" FROM "public"."PerfilMedico" WHERE 1=1 OFFSET $1
prisma:query SELECT 1
prisma:query SELECT "public"."User"."id", "public"."User"."nome" FROM "public"."User" WHERE "public"."User"."id" IN ($1,$2,$3,$4,$5,$6) OFFSET $7
prisma:query SELECT "public"."Consulta"."id", "public"."Consulta"."pacienteId", "public"."Consulta"."medicoId", "public"."Consulta"."especialidade", "public"."Consulta"."dataInicio", "public"."Consulta"."status", "public"."Consulta"."motivoConsulta", "public"."Consulta"."motivoCancelamento", "public"."Consulta"."resumoMedico", "public"."Consulta"."valor", "public"."Consulta"."pago", "public"."Consulta"."remarcada", "public"."Consulta"."createdAt", "public"."Consulta"."updatedAt" FROM "public"."Consulta" WHERE "public"."Consulta"."medicoId" = $1 ORDER BY "public"."Consulta"."dataInicio" ASC OFFSET $2
prisma:query SELECT "public"."User"."id", "public"."User"."nome", "public"."User"."email", "public"."User"."senhaHash", "public"."User"."role", "public"."User"."status", "public"."User"."createdAt", "public"."User"."updatedAt" FROM "public"."User" WHERE "public"."User"."role" = $1 ORDER BY "public"."User"."createdAt" DESC OFFSET $2
prisma:query SELECT "public"."User"."id", "public"."User"."nome" FROM "public"."User" WHERE "public"."User"."id" IN ($1) OFFSET $2
prisma:query SELECT "public"."User"."id", "public"."User"."nome" FROM "public"."User" WHERE "public"."User"."id" IN ($1) OFFSET $2
prisma:query SELECT "public"."PerfilPaciente"."id", "public"."PerfilPaciente"."userId", "public"."PerfilPaciente"."cpf", "public"."PerfilPaciente"."telefone", "public"."PerfilPaciente"."convenio", "public"."PerfilPaciente"."idade", "public"."PerfilPaciente"."genero", "public"."PerfilPaciente"."alergias", "public"."PerfilPaciente"."medicamentos", "public"."PerfilPaciente"."tipoSanguineo", "public"."PerfilPaciente"."peso", "public"."PerfilPaciente"."altura" FROM "public"."PerfilPaciente" WHERE "public"."PerfilPaciente"."userId" IN ($1,$2,$3,$4) OFFSET $5
prisma:query SELECT "public"."Consulta"."id", "public"."Consulta"."pacienteId" FROM "public"."Consulta" WHERE "public"."Consulta"."medicoId" = $1 OFFSET $2
prisma:query SELECT "public"."Documento"."id", "public"."Documento"."tipo", "public"."Documento"."titulo", "public"."Documento"."conteudo", "public"."Documento"."medicoId", "public"."Documento"."pacienteId", "public"."Documento"."medicamento", "public"."Documento"."posologia", "public"."Documento"."duracao", "public"."Documento"."observacoes", "public"."Documento"."cid", "public"."Documento"."createdAt" FROM "public"."Documento" WHERE ("public"."Documento"."medicoId" = $1 OR "public"."Documento"."pacienteId" IN ($2)) ORDER BY "public"."Documento"."createdAt" DESC OFFSET $3
prisma:query SELECT "public"."User"."id", "public"."User"."nome" FROM "public"."User" WHERE "public"."User"."id" IN ($1,$2,$3) OFFSET $4
prisma:query SELECT "public"."User"."id", "public"."User"."nome" FROM "public"."User" WHERE "public"."User"."id" IN ($1,$2) OFFSET $3
prisma:query SELECT "public"."Consulta"."id", "public"."Consulta"."pacienteId" FROM "public"."Consulta" WHERE "public"."Consulta"."medicoId" = $1 OFFSET $2
prisma:query SELECT "public"."Arquivo"."id", "public"."Arquivo"."nome", "public"."Arquivo"."tipo", "public"."Arquivo"."tamanhoKb", "public"."Arquivo"."enviadoPor", "public"."Arquivo"."usuarioId", "public"."Arquivo"."consulta", "public"."Arquivo"."createdAt" FROM "public"."Arquivo" WHERE ("public"."Arquivo"."usuarioId" = $1 OR "public"."Arquivo"."usuarioId" IN ($2)) ORDER BY "public"."Arquivo"."createdAt" DESC OFFSET $3
prisma:query SELECT "public"."Notificacao"."id", "public"."Notificacao"."usuarioId", "public"."Notificacao"."paraRole", "public"."Notificacao"."tipo", "public"."Notificacao"."titulo", "public"."Notificacao"."texto", "public"."Notificacao"."lida", "public"."Notificacao"."createdAt" FROM "public"."Notificacao" WHERE ("public"."Notificacao"."usuarioId" = $1 OR "public"."Notificacao"."paraRole" = $2 OR ("public"."Notificacao"."usuarioId" IS NULL AND "public"."Notificacao"."paraRole" IS NULL)) ORDER BY "public"."Notificacao"."createdAt" DESC OFFSET $3
prisma:query SELECT "public"."Avaliacao"."id", "public"."Avaliacao"."consultaId", "public"."Avaliacao"."pacienteId", "public"."Avaliacao"."medicoId", "public"."Avaliacao"."nota", "public"."Avaliacao"."comentario", "public"."Avaliacao"."pontualidade", "public"."Avaliacao"."atencao", "public"."Avaliacao"."clareza", "public"."Avaliacao"."createdAt" FROM "public"."Avaliacao" WHERE "public"."Avaliacao"."medicoId" = $1 ORDER BY "public"."Avaliacao"."createdAt" DESC OFFSET $2
prisma:query SELECT "public"."User"."id", "public"."User"."nome" FROM "public"."User" WHERE "public"."User"."id" IN ($1) OFFSET $2
prisma:query SELECT "public"."User"."id", "public"."User"."nome" FROM "public"."User" WHERE "public"."User"."id" IN ($1) OFFSET $2
prisma:query SELECT "public"."PerfilMedico"."id", "public"."PerfilMedico"."especialidade", "public"."PerfilMedico"."userId" FROM "public"."PerfilMedico" WHERE "public"."PerfilMedico"."userId" IN ($1) OFFSET $2
prisma:query SELECT "public"."Ticket"."id", "public"."Ticket"."usuarioId", "public"."Ticket"."perfil", "public"."Ticket"."assunto", "public"."Ticket"."categoria", "public"."Ticket"."mensagem", "public"."Ticket"."status", "public"."Ticket"."resposta", "public"."Ticket"."respondidoPor", "public"."Ticket"."dataResposta", "public"."Ticket"."createdAt" FROM "public"."Ticket" WHERE "public"."Ticket"."usuarioId" = $1 ORDER BY "public"."Ticket"."createdAt" DESC OFFSET $2
prisma:query SELECT "public"."Lembrete"."id", "public"."Lembrete"."usuarioId", "public"."Lembrete"."titulo", "public"."Lembrete"."horario", "public"."Lembrete"."tipo", "public"."Lembrete"."frequencia", "public"."Lembrete"."feito", "public"."Lembrete"."medicamento" FROM "public"."Lembrete" WHERE "public"."Lembrete"."usuarioId" = $1 ORDER BY "public"."Lembrete"."horario" ASC OFFSET $2
prisma:query SELECT "public"."Consentimento"."id", "public"."Consentimento"."pacienteId", "public"."Consentimento"."quem", "public"."Consentimento"."perfil", "public"."Consentimento"."finalidade", "public"."Consentimento"."documentos", "public"."Consentimento"."aceito", "public"."Consentimento"."createdAt" FROM "public"."Consentimento" WHERE "public"."Consentimento"."quem" = $1 ORDER BY "public"."Consentimento"."createdAt" DESC OFFSET $2
prisma:query SELECT "public"."Mensagem"."id", "public"."Mensagem"."deId", "public"."Mensagem"."paraId", "public"."Mensagem"."texto", "public"."Mensagem"."lida", "public"."Mensagem"."createdAt" FROM "public"."Mensagem" WHERE ("public"."Mensagem"."deId" = $1 OR "public"."Mensagem"."paraId" = $2) ORDER BY "public"."Mensagem"."createdAt" ASC OFFSET $3
prisma:query SELECT "public"."User"."id", "public"."User"."nome" FROM "public"."User" WHERE ("public"."User"."role" = $1 AND "public"."User"."status" = $2) LIMIT $3 OFFSET $4
prisma:query SELECT "public"."Consulta"."id", "public"."Consulta"."pacienteId" FROM "public"."Consulta" WHERE "public"."Consulta"."medicoId" = $1 OFFSET $2
prisma:query SELECT 1
prisma:query SELECT "public"."Sessao"."id", "public"."Sessao"."userId", "public"."Sessao"."expiresAt", "public"."Sessao"."createdAt" FROM "public"."Sessao" WHERE ("public"."Sessao"."id" = $1 AND 1=1) LIMIT $2 OFFSET $3
prisma:query SELECT "public"."User"."id", "public"."User"."nome", "public"."User"."email", "public"."User"."senhaHash", "public"."User"."role", "public"."User"."status", "public"."User"."createdAt", "public"."User"."updatedAt" FROM "public"."User" WHERE "public"."User"."id" IN ($1) OFFSET $2
prisma:query SELECT "public"."Mensagem"."id", "public"."Mensagem"."deId", "public"."Mensagem"."paraId", "public"."Mensagem"."texto", "public"."Mensagem"."lida", "public"."Mensagem"."createdAt" FROM "public"."Mensagem" WHERE ("public"."Mensagem"."deId" = $1 OR "public"."Mensagem"."paraId" = $2) ORDER BY "public"."Mensagem"."createdAt" ASC OFFSET $3
prisma:query SELECT "public"."Sessao"."id", "public"."Sessao"."userId", "public"."Sessao"."expiresAt", "public"."Sessao"."createdAt" FROM "public"."Sessao" WHERE ("public"."Sessao"."id" = $1 AND 1=1) LIMIT $2 OFFSET $3
prisma:query SELECT "public"."User"."id", "public"."User"."nome", "public"."User"."email", "public"."User"."senhaHash", "public"."User"."role", "public"."User"."status", "public"."User"."createdAt", "public"."User"."updatedAt" FROM "public"."User" WHERE "public"."User"."id" IN ($1) OFFSET $2
prisma:query SELECT "public"."Mensagem"."id", "public"."Mensagem"."deId", "public"."Mensagem"."paraId", "public"."Mensagem"."texto", "public"."Mensagem"."lida", "public"."Mensagem"."createdAt" FROM "public"."Mensagem" WHERE ("public"."Mensagem"."deId" = $1 OR "public"."Mensagem"."paraId" = $2) ORDER BY "public"."Mensagem"."createdAt" ASC OFFSET $3
prisma:query SELECT "public"."Sessao"."id", "public"."Sessao"."userId", "public"."Sessao"."expiresAt", "public"."Sessao"."createdAt" FROM "public"."Sessao" WHERE ("public"."Sessao"."id" = $1 AND 1=1) LIMIT $2 OFFSET $3
prisma:query SELECT "public"."User"."id", "public"."User"."nome", "public"."User"."email", "public"."User"."senhaHash", "public"."User"."role", "public"."User"."status", "public"."User"."createdAt", "public"."User"."updatedAt" FROM "public"."User" WHERE "public"."User"."id" IN ($1) OFFSET $2
prisma:query SELECT "public"."Mensagem"."id", "public"."Mensagem"."deId", "public"."Mensagem"."paraId", "public"."Mensagem"."texto", "public"."Mensagem"."lida", "public"."Mensagem"."createdAt" FROM "public"."Mensagem" WHERE ("public"."Mensagem"."deId" = $1 OR "public"."Mensagem"."paraId" = $2) ORDER BY "public"."Mensagem"."createdAt" ASC OFFSET $3
prisma:query SELECT "public"."Sessao"."id", "public"."Sessao"."userId", "public"."Sessao"."expiresAt", "public"."Sessao"."createdAt" FROM "public"."Sessao" WHERE ("public"."Sessao"."id" = $1 AND 1=1) LIMIT $2 OFFSET $3
prisma:query SELECT "public"."User"."id", "public"."User"."nome", "public"."User"."email", "public"."User"."senhaHash", "public"."User"."role", "public"."User"."status", "public"."User"."createdAt", "public"."User"."updatedAt" FROM "public"."User" WHERE "public"."User"."id" IN ($1) OFFSET $2
prisma:query SELECT "public"."Sessao"."id", "public"."Sessao"."userId", "public"."Sessao"."expiresAt", "public"."Sessao"."createdAt" FROM "public"."Sessao" WHERE ("public"."Sessao"."id" = $1 AND 1=1) LIMIT $2 OFFSET $3
prisma:query SELECT "public"."User"."id", "public"."User"."nome", "public"."User"."email", "public"."User"."senhaHash", "public"."User"."role", "public"."User"."status", "public"."User"."createdAt", "public"."User"."updatedAt" FROM "public"."User" WHERE "public"."User"."id" IN ($1) OFFSET $2
prisma:query SELECT 1
prisma:query SELECT "public"."User"."id", "public"."User"."nome", "public"."User"."email", "public"."User"."senhaHash", "public"."User"."role", "public"."User"."status", "public"."User"."createdAt", "public"."User"."updatedAt" FROM "public"."User" WHERE "public"."User"."role" = $1 ORDER BY "public"."User"."createdAt" DESC OFFSET $2
prisma:query SELECT 1
prisma:query SELECT "public"."PerfilMedico"."id", "public"."PerfilMedico"."userId", "public"."PerfilMedico"."crm", "public"."PerfilMedico"."especialidade", "public"."PerfilMedico"."subespecialidades", "public"."PerfilMedico"."valor", "public"."PerfilMedico"."avaliacao", "public"."PerfilMedico"."numAvaliacoes", "public"."PerfilMedico"."formacao", "public"."PerfilMedico"."experiencia", "public"."PerfilMedico"."idiomas", "public"."PerfilMedico"."bio", "public"."PerfilMedico"."foto", "public"."PerfilMedico"."status", "public"."PerfilMedico"."horariosDisponiveis" FROM "public"."PerfilMedico" WHERE 1=1 OFFSET $1
prisma:query SELECT "public"."PerfilPaciente"."id", "public"."PerfilPaciente"."userId", "public"."PerfilPaciente"."cpf", "public"."PerfilPaciente"."telefone", "public"."PerfilPaciente"."convenio", "public"."PerfilPaciente"."idade", "public"."PerfilPaciente"."genero", "public"."PerfilPaciente"."alergias", "public"."PerfilPaciente"."medicamentos", "public"."PerfilPaciente"."tipoSanguineo", "public"."PerfilPaciente"."peso", "public"."PerfilPaciente"."altura" FROM "public"."PerfilPaciente" WHERE "public"."PerfilPaciente"."userId" IN ($1,$2,$3,$4) OFFSET $5
prisma:query SELECT "public"."Consulta"."id", "public"."Consulta"."pacienteId", "public"."Consulta"."medicoId", "public"."Consulta"."especialidade", "public"."Consulta"."dataInicio", "public"."Consulta"."status", "public"."Consulta"."motivoConsulta", "public"."Consulta"."motivoCancelamento", "public"."Consulta"."resumoMedico", "public"."Consulta"."valor", "public"."Consulta"."pago", "public"."Consulta"."remarcada", "public"."Consulta"."createdAt", "public"."Consulta"."updatedAt" FROM "public"."Consulta" WHERE "public"."Consulta"."medicoId" = $1 ORDER BY "public"."Consulta"."dataInicio" ASC OFFSET $2
prisma:query SELECT "public"."User"."id", "public"."User"."nome" FROM "public"."User" WHERE "public"."User"."id" IN ($1,$2,$3,$4,$5,$6) OFFSET $7
prisma:query SELECT "public"."User"."id", "public"."User"."nome" FROM "public"."User" WHERE "public"."User"."id" IN ($1) OFFSET $2
prisma:query SELECT "public"."User"."id", "public"."User"."nome" FROM "public"."User" WHERE "public"."User"."id" IN ($1) OFFSET $2
prisma:query SELECT "public"."Consulta"."id", "public"."Consulta"."pacienteId" FROM "public"."Consulta" WHERE "public"."Consulta"."medicoId" = $1 OFFSET $2
prisma:query SELECT "public"."Documento"."id", "public"."Documento"."tipo", "public"."Documento"."titulo", "public"."Documento"."conteudo", "public"."Documento"."medicoId", "public"."Documento"."pacienteId", "public"."Documento"."medicamento", "public"."Documento"."posologia", "public"."Documento"."duracao", "public"."Documento"."observacoes", "public"."Documento"."cid", "public"."Documento"."createdAt" FROM "public"."Documento" WHERE ("public"."Documento"."medicoId" = $1 OR "public"."Documento"."pacienteId" IN ($2)) ORDER BY "public"."Documento"."createdAt" DESC OFFSET $3
prisma:query SELECT "public"."User"."id", "public"."User"."nome" FROM "public"."User" WHERE "public"."User"."id" IN ($1,$2,$3) OFFSET $4
prisma:query SELECT "public"."User"."id", "public"."User"."nome" FROM "public"."User" WHERE "public"."User"."id" IN ($1,$2) OFFSET $3
prisma:query SELECT "public"."Consulta"."id", "public"."Consulta"."pacienteId" FROM "public"."Consulta" WHERE "public"."Consulta"."medicoId" = $1 OFFSET $2
prisma:query SELECT "public"."Sessao"."id", "public"."Sessao"."userId", "public"."Sessao"."expiresAt", "public"."Sessao"."createdAt" FROM "public"."Sessao" WHERE ("public"."Sessao"."id" = $1 AND 1=1) LIMIT $2 OFFSET $3
prisma:query SELECT "public"."User"."id", "public"."User"."nome", "public"."User"."email", "public"."User"."senhaHash", "public"."User"."role", "public"."User"."status", "public"."User"."createdAt", "public"."User"."updatedAt" FROM "public"."User" WHERE "public"."User"."id" IN ($1) OFFSET $2
prisma:query SELECT "public"."Arquivo"."id", "public"."Arquivo"."nome", "public"."Arquivo"."tipo", "public"."Arquivo"."tamanhoKb", "public"."Arquivo"."enviadoPor", "public"."Arquivo"."usuarioId", "public"."Arquivo"."consulta", "public"."Arquivo"."createdAt" FROM "public"."Arquivo" WHERE ("public"."Arquivo"."usuarioId" = $1 OR "public"."Arquivo"."usuarioId" IN ($2)) ORDER BY "public"."Arquivo"."createdAt" DESC OFFSET $3
prisma:query SELECT "public"."Notificacao"."id", "public"."Notificacao"."usuarioId", "public"."Notificacao"."paraRole", "public"."Notificacao"."tipo", "public"."Notificacao"."titulo", "public"."Notificacao"."texto", "public"."Notificacao"."lida", "public"."Notificacao"."createdAt" FROM "public"."Notificacao" WHERE ("public"."Notificacao"."usuarioId" = $1 OR "public"."Notificacao"."paraRole" = $2 OR ("public"."Notificacao"."usuarioId" IS NULL AND "public"."Notificacao"."paraRole" IS NULL)) ORDER BY "public"."Notificacao"."createdAt" DESC OFFSET $3
prisma:query SELECT "public"."Avaliacao"."id", "public"."Avaliacao"."consultaId", "public"."Avaliacao"."pacienteId", "public"."Avaliacao"."medicoId", "public"."Avaliacao"."nota", "public"."Avaliacao"."comentario", "public"."Avaliacao"."pontualidade", "public"."Avaliacao"."atencao", "public"."Avaliacao"."clareza", "public"."Avaliacao"."createdAt" FROM "public"."Avaliacao" WHERE "public"."Avaliacao"."medicoId" = $1 ORDER BY "public"."Avaliacao"."createdAt" DESC OFFSET $2
prisma:query SELECT "public"."User"."id", "public"."User"."nome" FROM "public"."User" WHERE "public"."User"."id" IN ($1) OFFSET $2
prisma:query SELECT "public"."User"."id", "public"."User"."nome" FROM "public"."User" WHERE "public"."User"."id" IN ($1) OFFSET $2
prisma:query SELECT "public"."PerfilMedico"."id", "public"."PerfilMedico"."especialidade", "public"."PerfilMedico"."userId" FROM "public"."PerfilMedico" WHERE "public"."PerfilMedico"."userId" IN ($1) OFFSET $2
prisma:query SELECT "public"."Ticket"."id", "public"."Ticket"."usuarioId", "public"."Ticket"."perfil", "public"."Ticket"."assunto", "public"."Ticket"."categoria", "public"."Ticket"."mensagem", "public"."Ticket"."status", "public"."Ticket"."resposta", "public"."Ticket"."respondidoPor", "public"."Ticket"."dataResposta", "public"."Ticket"."createdAt" FROM "public"."Ticket" WHERE "public"."Ticket"."usuarioId" = $1 ORDER BY "public"."Ticket"."createdAt" DESC OFFSET $2
prisma:query SELECT "public"."Lembrete"."id", "public"."Lembrete"."usuarioId", "public"."Lembrete"."titulo", "public"."Lembrete"."horario", "public"."Lembrete"."tipo", "public"."Lembrete"."frequencia", "public"."Lembrete"."feito", "public"."Lembrete"."medicamento" FROM "public"."Lembrete" WHERE "public"."Lembrete"."usuarioId" = $1 ORDER BY "public"."Lembrete"."horario" ASC OFFSET $2
prisma:query SELECT "public"."Consentimento"."id", "public"."Consentimento"."pacienteId", "public"."Consentimento"."quem", "public"."Consentimento"."perfil", "public"."Consentimento"."finalidade", "public"."Consentimento"."documentos", "public"."Consentimento"."aceito", "public"."Consentimento"."createdAt" FROM "public"."Consentimento" WHERE "public"."Consentimento"."quem" = $1 ORDER BY "public"."Consentimento"."createdAt" DESC OFFSET $2
prisma:query SELECT "public"."Mensagem"."id", "public"."Mensagem"."deId", "public"."Mensagem"."paraId", "public"."Mensagem"."texto", "public"."Mensagem"."lida", "public"."Mensagem"."createdAt" FROM "public"."Mensagem" WHERE ("public"."Mensagem"."deId" = $1 OR "public"."Mensagem"."paraId" = $2) ORDER BY "public"."Mensagem"."createdAt" ASC OFFSET $3
prisma:query SELECT "public"."User"."id", "public"."User"."nome" FROM "public"."User" WHERE ("public"."User"."role" = $1 AND "public"."User"."status" = $2) LIMIT $3 OFFSET $4
prisma:query SELECT "public"."Consulta"."id", "public"."Consulta"."pacienteId" FROM "public"."Consulta" WHERE "public"."Consulta"."medicoId" = $1 OFFSET $2
prisma:query SELECT "public"."Sessao"."id", "public"."Sessao"."userId", "public"."Sessao"."expiresAt", "public"."Sessao"."createdAt" FROM "public"."Sessao" WHERE ("public"."Sessao"."id" = $1 AND 1=1) LIMIT $2 OFFSET $3
prisma:query SELECT "public"."User"."id", "public"."User"."nome", "public"."User"."email", "public"."User"."senhaHash", "public"."User"."role", "public"."User"."status", "public"."User"."createdAt", "public"."User"."updatedAt" FROM "public"."User" WHERE "public"."User"."id" IN ($1) OFFSET $2
prisma:query SELECT 1
prisma:query SELECT "public"."Consulta"."id", "public"."Consulta"."pacienteId", "public"."Consulta"."medicoId", "public"."Consulta"."especialidade", "public"."Consulta"."dataInicio", "public"."Consulta"."status", "public"."Consulta"."motivoConsulta", "public"."Consulta"."motivoCancelamento", "public"."Consulta"."resumoMedico", "public"."Consulta"."valor", "public"."Consulta"."pago", "public"."Consulta"."remarcada", "public"."Consulta"."createdAt", "public"."Consulta"."updatedAt" FROM "public"."Consulta" WHERE "public"."Consulta"."medicoId" = $1 ORDER BY "public"."Consulta"."dataInicio" ASC OFFSET $2
prisma:query SELECT "public"."User"."id", "public"."User"."nome", "public"."User"."email", "public"."User"."senhaHash", "public"."User"."role", "public"."User"."status", "public"."User"."createdAt", "public"."User"."updatedAt" FROM "public"."User" WHERE "public"."User"."role" = $1 ORDER BY "public"."User"."createdAt" DESC OFFSET $2
prisma:query SELECT "public"."PerfilMedico"."id", "public"."PerfilMedico"."userId", "public"."PerfilMedico"."crm", "public"."PerfilMedico"."especialidade", "public"."PerfilMedico"."subespecialidades", "public"."PerfilMedico"."valor", "public"."PerfilMedico"."avaliacao", "public"."PerfilMedico"."numAvaliacoes", "public"."PerfilMedico"."formacao", "public"."PerfilMedico"."experiencia", "public"."PerfilMedico"."idiomas", "public"."PerfilMedico"."bio", "public"."PerfilMedico"."foto", "public"."PerfilMedico"."status", "public"."PerfilMedico"."horariosDisponiveis" FROM "public"."PerfilMedico" WHERE 1=1 OFFSET $1
prisma:query SELECT "public"."User"."id", "public"."User"."nome" FROM "public"."User" WHERE "public"."User"."id" IN ($1) OFFSET $2
prisma:query SELECT "public"."User"."id", "public"."User"."nome" FROM "public"."User" WHERE "public"."User"."id" IN ($1,$2,$3,$4,$5,$6) OFFSET $7
prisma:query SELECT "public"."User"."id", "public"."User"."nome" FROM "public"."User" WHERE "public"."User"."id" IN ($1) OFFSET $2
prisma:query SELECT "public"."PerfilPaciente"."id", "public"."PerfilPaciente"."userId", "public"."PerfilPaciente"."cpf", "public"."PerfilPaciente"."telefone", "public"."PerfilPaciente"."convenio", "public"."PerfilPaciente"."idade", "public"."PerfilPaciente"."genero", "public"."PerfilPaciente"."alergias", "public"."PerfilPaciente"."medicamentos", "public"."PerfilPaciente"."tipoSanguineo", "public"."PerfilPaciente"."peso", "public"."PerfilPaciente"."altura" FROM "public"."PerfilPaciente" WHERE "public"."PerfilPaciente"."userId" IN ($1,$2,$3,$4) OFFSET $5
prisma:query SELECT "public"."Consulta"."id", "public"."Consulta"."pacienteId" FROM "public"."Consulta" WHERE "public"."Consulta"."medicoId" = $1 OFFSET $2
prisma:query SELECT "public"."Documento"."id", "public"."Documento"."tipo", "public"."Documento"."titulo", "public"."Documento"."conteudo", "public"."Documento"."medicoId", "public"."Documento"."pacienteId", "public"."Documento"."medicamento", "public"."Documento"."posologia", "public"."Documento"."duracao", "public"."Documento"."observacoes", "public"."Documento"."cid", "public"."Documento"."createdAt" FROM "public"."Documento" WHERE ("public"."Documento"."medicoId" = $1 OR "public"."Documento"."pacienteId" IN ($2)) ORDER BY "public"."Documento"."createdAt" DESC OFFSET $3
prisma:query SELECT "public"."User"."id", "public"."User"."nome" FROM "public"."User" WHERE "public"."User"."id" IN ($1,$2,$3) OFFSET $4
prisma:query SELECT "public"."User"."id", "public"."User"."nome" FROM "public"."User" WHERE "public"."User"."id" IN ($1,$2) OFFSET $3
prisma:query SELECT "public"."Consulta"."id", "public"."Consulta"."pacienteId" FROM "public"."Consulta" WHERE "public"."Consulta"."medicoId" = $1 OFFSET $2
prisma:query SELECT "public"."Arquivo"."id", "public"."Arquivo"."nome", "public"."Arquivo"."tipo", "public"."Arquivo"."tamanhoKb", "public"."Arquivo"."enviadoPor", "public"."Arquivo"."usuarioId", "public"."Arquivo"."consulta", "public"."Arquivo"."createdAt" FROM "public"."Arquivo" WHERE ("public"."Arquivo"."usuarioId" = $1 OR "public"."Arquivo"."usuarioId" IN ($2)) ORDER BY "public"."Arquivo"."createdAt" DESC OFFSET $3
prisma:query SELECT "public"."Notificacao"."id", "public"."Notificacao"."usuarioId", "public"."Notificacao"."paraRole", "public"."Notificacao"."tipo", "public"."Notificacao"."titulo", "public"."Notificacao"."texto", "public"."Notificacao"."lida", "public"."Notificacao"."createdAt" FROM "public"."Notificacao" WHERE ("public"."Notificacao"."usuarioId" = $1 OR "public"."Notificacao"."paraRole" = $2 OR ("public"."Notificacao"."usuarioId" IS NULL AND "public"."Notificacao"."paraRole" IS NULL)) ORDER BY "public"."Notificacao"."createdAt" DESC OFFSET $3
prisma:query SELECT "public"."Avaliacao"."id", "public"."Avaliacao"."consultaId", "public"."Avaliacao"."pacienteId", "public"."Avaliacao"."medicoId", "public"."Avaliacao"."nota", "public"."Avaliacao"."comentario", "public"."Avaliacao"."pontualidade", "public"."Avaliacao"."atencao", "public"."Avaliacao"."clareza", "public"."Avaliacao"."createdAt" FROM "public"."Avaliacao" WHERE "public"."Avaliacao"."medicoId" = $1 ORDER BY "public"."Avaliacao"."createdAt" DESC OFFSET $2
prisma:query SELECT "public"."User"."id", "public"."User"."nome" FROM "public"."User" WHERE "public"."User"."id" IN ($1) OFFSET $2
prisma:query SELECT "public"."User"."id", "public"."User"."nome" FROM "public"."User" WHERE "public"."User"."id" IN ($1) OFFSET $2
prisma:query SELECT "public"."PerfilMedico"."id", "public"."PerfilMedico"."especialidade", "public"."PerfilMedico"."userId" FROM "public"."PerfilMedico" WHERE "public"."PerfilMedico"."userId" IN ($1) OFFSET $2
prisma:query SELECT "public"."Ticket"."id", "public"."Ticket"."usuarioId", "public"."Ticket"."perfil", "public"."Ticket"."assunto", "public"."Ticket"."categoria", "public"."Ticket"."mensagem", "public"."Ticket"."status", "public"."Ticket"."resposta", "public"."Ticket"."respondidoPor", "public"."Ticket"."dataResposta", "public"."Ticket"."createdAt" FROM "public"."Ticket" WHERE "public"."Ticket"."usuarioId" = $1 ORDER BY "public"."Ticket"."createdAt" DESC OFFSET $2
prisma:query SELECT "public"."Lembrete"."id", "public"."Lembrete"."usuarioId", "public"."Lembrete"."titulo", "public"."Lembrete"."horario", "public"."Lembrete"."tipo", "public"."Lembrete"."frequencia", "public"."Lembrete"."feito", "public"."Lembrete"."medicamento" FROM "public"."Lembrete" WHERE "public"."Lembrete"."usuarioId" = $1 ORDER BY "public"."Lembrete"."horario" ASC OFFSET $2
prisma:query SELECT 1
prisma:query SELECT "public"."Consentimento"."id", "public"."Consentimento"."pacienteId", "public"."Consentimento"."quem", "public"."Consentimento"."perfil", "public"."Consentimento"."finalidade", "public"."Consentimento"."documentos", "public"."Consentimento"."aceito", "public"."Consentimento"."createdAt" FROM "public"."Consentimento" WHERE "public"."Consentimento"."quem" = $1 ORDER BY "public"."Consentimento"."createdAt" DESC OFFSET $2
prisma:query SELECT "public"."Mensagem"."id", "public"."Mensagem"."deId", "public"."Mensagem"."paraId", "public"."Mensagem"."texto", "public"."Mensagem"."lida", "public"."Mensagem"."createdAt" FROM "public"."Mensagem" WHERE ("public"."Mensagem"."deId" = $1 OR "public"."Mensagem"."paraId" = $2) ORDER BY "public"."Mensagem"."createdAt" ASC OFFSET $3
prisma:query SELECT "public"."User"."id", "public"."User"."nome" FROM "public"."User" WHERE ("public"."User"."role" = $1 AND "public"."User"."status" = $2) LIMIT $3 OFFSET $4
prisma:query SELECT "public"."Consulta"."id", "public"."Consulta"."pacienteId" FROM "public"."Consulta" WHERE "public"."Consulta"."medicoId" = $1 OFFSET $2
prisma:query SELECT "public"."Sessao"."id", "public"."Sessao"."userId", "public"."Sessao"."expiresAt", "public"."Sessao"."createdAt" FROM "public"."Sessao" WHERE ("public"."Sessao"."id" = $1 AND 1=1) LIMIT $2 OFFSET $3
prisma:query SELECT "public"."User"."id", "public"."User"."nome", "public"."User"."email", "public"."User"."senhaHash", "public"."User"."role", "public"."User"."status", "public"."User"."createdAt", "public"."User"."updatedAt" FROM "public"."User" WHERE "public"."User"."id" IN ($1) OFFSET $2
prisma:query SELECT "public"."Mensagem"."id", "public"."Mensagem"."deId", "public"."Mensagem"."paraId", "public"."Mensagem"."texto", "public"."Mensagem"."lida", "public"."Mensagem"."createdAt" FROM "public"."Mensagem" WHERE ("public"."Mensagem"."deId" = $1 OR "public"."Mensagem"."paraId" = $2) ORDER BY "public"."Mensagem"."createdAt" ASC OFFSET $3
prisma:query SELECT "public"."Sessao"."id", "public"."Sessao"."userId", "public"."Sessao"."expiresAt", "public"."Sessao"."createdAt" FROM "public"."Sessao" WHERE ("public"."Sessao"."id" = $1 AND 1=1) LIMIT $2 OFFSET $3
prisma:query SELECT "public"."User"."id", "public"."User"."nome", "public"."User"."email", "public"."User"."senhaHash", "public"."User"."role", "public"."User"."status", "public"."User"."createdAt", "public"."User"."updatedAt" FROM "public"."User" WHERE "public"."User"."id" IN ($1) OFFSET $2
prisma:query SELECT "public"."Mensagem"."id", "public"."Mensagem"."deId", "public"."Mensagem"."paraId", "public"."Mensagem"."texto", "public"."Mensagem"."lida", "public"."Mensagem"."createdAt" FROM "public"."Mensagem" WHERE ("public"."Mensagem"."deId" = $1 OR "public"."Mensagem"."paraId" = $2) ORDER BY "public"."Mensagem"."createdAt" ASC OFFSET $3
prisma:query SELECT "public"."Sessao"."id", "public"."Sessao"."userId", "public"."Sessao"."expiresAt", "public"."Sessao"."createdAt" FROM "public"."Sessao" WHERE ("public"."Sessao"."id" = $1 AND 1=1) LIMIT $2 OFFSET $3
prisma:query SELECT "public"."User"."id", "public"."User"."nome", "public"."User"."email", "public"."User"."senhaHash", "public"."User"."role", "public"."User"."status", "public"."User"."createdAt", "public"."User"."updatedAt" FROM "public"."User" WHERE "public"."User"."id" IN ($1) OFFSET $2
prisma:query SELECT "public"."Sessao"."id", "public"."Sessao"."userId", "public"."Sessao"."expiresAt", "public"."Sessao"."createdAt" FROM "public"."Sessao" WHERE ("public"."Sessao"."id" = $1 AND 1=1) LIMIT $2 OFFSET $3
prisma:query SELECT "public"."User"."id", "public"."User"."nome", "public"."User"."email", "public"."User"."senhaHash", "public"."User"."role", "public"."User"."status", "public"."User"."createdAt", "public"."User"."updatedAt" FROM "public"."User" WHERE "public"."User"."id" IN ($1) OFFSET $2
prisma:query SELECT "public"."Consulta"."id", "public"."Consulta"."pacienteId", "public"."Consulta"."medicoId", "public"."Consulta"."especialidade", "public"."Consulta"."dataInicio", "public"."Consulta"."status", "public"."Consulta"."motivoConsulta", "public"."Consulta"."motivoCancelamento", "public"."Consulta"."resumoMedico", "public"."Consulta"."valor", "public"."Consulta"."pago", "public"."Consulta"."remarcada", "public"."Consulta"."createdAt", "public"."Consulta"."updatedAt" FROM "public"."Consulta" WHERE "public"."Consulta"."medicoId" = $1 ORDER BY "public"."Consulta"."dataInicio" ASC OFFSET $2
prisma:query SELECT 1
prisma:query SELECT 1
prisma:query SELECT "public"."User"."id", "public"."User"."nome" FROM "public"."User" WHERE "public"."User"."id" IN ($1) OFFSET $2
prisma:query SELECT "public"."User"."id", "public"."User"."nome", "public"."User"."email", "public"."User"."senhaHash", "public"."User"."role", "public"."User"."status", "public"."User"."createdAt", "public"."User"."updatedAt" FROM "public"."User" WHERE "public"."User"."role" = $1 ORDER BY "public"."User"."createdAt" DESC OFFSET $2
prisma:query SELECT "public"."User"."id", "public"."User"."nome" FROM "public"."User" WHERE "public"."User"."id" IN ($1) OFFSET $2
prisma:query SELECT "public"."PerfilPaciente"."id", "public"."PerfilPaciente"."userId", "public"."PerfilPaciente"."cpf", "public"."PerfilPaciente"."telefone", "public"."PerfilPaciente"."convenio", "public"."PerfilPaciente"."idade", "public"."PerfilPaciente"."genero", "public"."PerfilPaciente"."alergias", "public"."PerfilPaciente"."medicamentos", "public"."PerfilPaciente"."tipoSanguineo", "public"."PerfilPaciente"."peso", "public"."PerfilPaciente"."altura" FROM "public"."PerfilPaciente" WHERE "public"."PerfilPaciente"."userId" IN ($1,$2,$3,$4) OFFSET $5
prisma:query SELECT "public"."PerfilMedico"."id", "public"."PerfilMedico"."userId", "public"."PerfilMedico"."crm", "public"."PerfilMedico"."especialidade", "public"."PerfilMedico"."subespecialidades", "public"."PerfilMedico"."valor", "public"."PerfilMedico"."avaliacao", "public"."PerfilMedico"."numAvaliacoes", "public"."PerfilMedico"."formacao", "public"."PerfilMedico"."experiencia", "public"."PerfilMedico"."idiomas", "public"."PerfilMedico"."bio", "public"."PerfilMedico"."foto", "public"."PerfilMedico"."status", "public"."PerfilMedico"."horariosDisponiveis" FROM "public"."PerfilMedico" WHERE 1=1 OFFSET $1
prisma:query SELECT "public"."User"."id", "public"."User"."nome" FROM "public"."User" WHERE "public"."User"."id" IN ($1,$2,$3,$4,$5,$6) OFFSET $7
prisma:query SELECT "public"."Consulta"."id", "public"."Consulta"."pacienteId" FROM "public"."Consulta" WHERE "public"."Consulta"."medicoId" = $1 OFFSET $2
prisma:query SELECT "public"."Documento"."id", "public"."Documento"."tipo", "public"."Documento"."titulo", "public"."Documento"."conteudo", "public"."Documento"."medicoId", "public"."Documento"."pacienteId", "public"."Documento"."medicamento", "public"."Documento"."posologia", "public"."Documento"."duracao", "public"."Documento"."observacoes", "public"."Documento"."cid", "public"."Documento"."createdAt" FROM "public"."Documento" WHERE ("public"."Documento"."medicoId" = $1 OR "public"."Documento"."pacienteId" IN ($2)) ORDER BY "public"."Documento"."createdAt" DESC OFFSET $3
prisma:query SELECT "public"."User"."id", "public"."User"."nome" FROM "public"."User" WHERE "public"."User"."id" IN ($1,$2,$3) OFFSET $4
prisma:query SELECT "public"."User"."id", "public"."User"."nome" FROM "public"."User" WHERE "public"."User"."id" IN ($1,$2) OFFSET $3
prisma:query SELECT "public"."Consulta"."id", "public"."Consulta"."pacienteId" FROM "public"."Consulta" WHERE "public"."Consulta"."medicoId" = $1 OFFSET $2
prisma:query SELECT "public"."Arquivo"."id", "public"."Arquivo"."nome", "public"."Arquivo"."tipo", "public"."Arquivo"."tamanhoKb", "public"."Arquivo"."enviadoPor", "public"."Arquivo"."usuarioId", "public"."Arquivo"."consulta", "public"."Arquivo"."createdAt" FROM "public"."Arquivo" WHERE ("public"."Arquivo"."usuarioId" = $1 OR "public"."Arquivo"."usuarioId" IN ($2)) ORDER BY "public"."Arquivo"."createdAt" DESC OFFSET $3
prisma:query SELECT "public"."Notificacao"."id", "public"."Notificacao"."usuarioId", "public"."Notificacao"."paraRole", "public"."Notificacao"."tipo", "public"."Notificacao"."titulo", "public"."Notificacao"."texto", "public"."Notificacao"."lida", "public"."Notificacao"."createdAt" FROM "public"."Notificacao" WHERE ("public"."Notificacao"."usuarioId" = $1 OR "public"."Notificacao"."paraRole" = $2 OR ("public"."Notificacao"."usuarioId" IS NULL AND "public"."Notificacao"."paraRole" IS NULL)) ORDER BY "public"."Notificacao"."createdAt" DESC OFFSET $3
prisma:query SELECT "public"."Avaliacao"."id", "public"."Avaliacao"."consultaId", "public"."Avaliacao"."pacienteId", "public"."Avaliacao"."medicoId", "public"."Avaliacao"."nota", "public"."Avaliacao"."comentario", "public"."Avaliacao"."pontualidade", "public"."Avaliacao"."atencao", "public"."Avaliacao"."clareza", "public"."Avaliacao"."createdAt" FROM "public"."Avaliacao" WHERE "public"."Avaliacao"."medicoId" = $1 ORDER BY "public"."Avaliacao"."createdAt" DESC OFFSET $2
prisma:query SELECT "public"."User"."id", "public"."User"."nome" FROM "public"."User" WHERE "public"."User"."id" IN ($1) OFFSET $2
prisma:query SELECT "public"."User"."id", "public"."User"."nome" FROM "public"."User" WHERE "public"."User"."id" IN ($1) OFFSET $2
prisma:query SELECT "public"."PerfilMedico"."id", "public"."PerfilMedico"."especialidade", "public"."PerfilMedico"."userId" FROM "public"."PerfilMedico" WHERE "public"."PerfilMedico"."userId" IN ($1) OFFSET $2
prisma:query SELECT "public"."Ticket"."id", "public"."Ticket"."usuarioId", "public"."Ticket"."perfil", "public"."Ticket"."assunto", "public"."Ticket"."categoria", "public"."Ticket"."mensagem", "public"."Ticket"."status", "public"."Ticket"."resposta", "public"."Ticket"."respondidoPor", "public"."Ticket"."dataResposta", "public"."Ticket"."createdAt" FROM "public"."Ticket" WHERE "public"."Ticket"."usuarioId" = $1 ORDER BY "public"."Ticket"."createdAt" DESC OFFSET $2
prisma:query SELECT "public"."Lembrete"."id", "public"."Lembrete"."usuarioId", "public"."Lembrete"."titulo", "public"."Lembrete"."horario", "public"."Lembrete"."tipo", "public"."Lembrete"."frequencia", "public"."Lembrete"."feito", "public"."Lembrete"."medicamento" FROM "public"."Lembrete" WHERE "public"."Lembrete"."usuarioId" = $1 ORDER BY "public"."Lembrete"."horario" ASC OFFSET $2
prisma:query SELECT "public"."Consentimento"."id", "public"."Consentimento"."pacienteId", "public"."Consentimento"."quem", "public"."Consentimento"."perfil", "public"."Consentimento"."finalidade", "public"."Consentimento"."documentos", "public"."Consentimento"."aceito", "public"."Consentimento"."createdAt" FROM "public"."Consentimento" WHERE "public"."Consentimento"."quem" = $1 ORDER BY "public"."Consentimento"."createdAt" DESC OFFSET $2
prisma:query SELECT "public"."Mensagem"."id", "public"."Mensagem"."deId", "public"."Mensagem"."paraId", "public"."Mensagem"."texto", "public"."Mensagem"."lida", "public"."Mensagem"."createdAt" FROM "public"."Mensagem" WHERE ("public"."Mensagem"."deId" = $1 OR "public"."Mensagem"."paraId" = $2) ORDER BY "public"."Mensagem"."createdAt" ASC OFFSET $3
prisma:query SELECT "public"."User"."id", "public"."User"."nome" FROM "public"."User" WHERE ("public"."User"."role" = $1 AND "public"."User"."status" = $2) LIMIT $3 OFFSET $4
prisma:query SELECT "public"."Consulta"."id", "public"."Consulta"."pacienteId" FROM "public"."Consulta" WHERE "public"."Consulta"."medicoId" = $1 OFFSET $2
prisma:query SELECT "public"."Sessao"."id", "public"."Sessao"."userId", "public"."Sessao"."expiresAt", "public"."Sessao"."createdAt" FROM "public"."Sessao" WHERE ("public"."Sessao"."id" = $1 AND 1=1) LIMIT $2 OFFSET $3
prisma:query SELECT "public"."User"."id", "public"."User"."nome", "public"."User"."email", "public"."User"."senhaHash", "public"."User"."role", "public"."User"."status", "public"."User"."createdAt", "public"."User"."updatedAt" FROM "public"."User" WHERE "public"."User"."id" IN ($1) OFFSET $2
prisma:query SELECT "public"."Mensagem"."id", "public"."Mensagem"."deId", "public"."Mensagem"."paraId", "public"."Mensagem"."texto", "public"."Mensagem"."lida", "public"."Mensagem"."createdAt" FROM "public"."Mensagem" WHERE ("public"."Mensagem"."deId" = $1 OR "public"."Mensagem"."paraId" = $2) ORDER BY "public"."Mensagem"."createdAt" ASC OFFSET $3
prisma:query SELECT 1
prisma:query SELECT "public"."Sessao"."id", "public"."Sessao"."userId", "public"."Sessao"."expiresAt", "public"."Sessao"."createdAt" FROM "public"."Sessao" WHERE ("public"."Sessao"."id" = $1 AND 1=1) LIMIT $2 OFFSET $3
prisma:query SELECT "public"."User"."id", "public"."User"."nome", "public"."User"."email", "public"."User"."senhaHash", "public"."User"."role", "public"."User"."status", "public"."User"."createdAt", "public"."User"."updatedAt" FROM "public"."User" WHERE "public"."User"."id" IN ($1) OFFSET $2
prisma:query SELECT "public"."Mensagem"."id", "public"."Mensagem"."deId", "public"."Mensagem"."paraId", "public"."Mensagem"."texto", "public"."Mensagem"."lida", "public"."Mensagem"."createdAt" FROM "public"."Mensagem" WHERE ("public"."Mensagem"."deId" = $1 OR "public"."Mensagem"."paraId" = $2) ORDER BY "public"."Mensagem"."createdAt" ASC OFFSET $3
prisma:query SELECT "public"."Sessao"."id", "public"."Sessao"."userId", "public"."Sessao"."expiresAt", "public"."Sessao"."createdAt" FROM "public"."Sessao" WHERE ("public"."Sessao"."id" = $1 AND 1=1) LIMIT $2 OFFSET $3
prisma:query SELECT "public"."User"."id", "public"."User"."nome", "public"."User"."email", "public"."User"."senhaHash", "public"."User"."role", "public"."User"."status", "public"."User"."createdAt", "public"."User"."updatedAt" FROM "public"."User" WHERE "public"."User"."id" IN ($1) OFFSET $2
prisma:query INSERT INTO "public"."AuditLog" ("id","acao","categoria","severidade","usuarioId","usuarioNome","role","detalhes","createdAt") VALUES ($1,$2,$3,$4,$5,$6,$7,$8,$9) RETURNING "public"."AuditLog"."id", "public"."AuditLog"."acao", "public"."AuditLog"."categoria", "public"."AuditLog"."severidade", "public"."AuditLog"."usuarioId", "public"."AuditLog"."usuarioNome", "public"."AuditLog"."role", "public"."AuditLog"."entidade", "public"."AuditLog"."entidadeId", "public"."AuditLog"."detalhes", "public"."AuditLog"."createdAt"
prisma:query DELETE FROM "public"."Sessao" WHERE "public"."Sessao"."id" = $1
prisma:query SELECT 1
prisma:query SELECT "public"."Sessao"."id", "public"."Sessao"."userId", "public"."Sessao"."expiresAt", "public"."Sessao"."createdAt" FROM "public"."Sessao" WHERE ("public"."Sessao"."id" = $1 AND 1=1) LIMIT $2 OFFSET $3
prisma:query SELECT "public"."User"."id", "public"."User"."nome", "public"."User"."email", "public"."User"."senhaHash", "public"."User"."role", "public"."User"."status", "public"."User"."createdAt", "public"."User"."updatedAt" FROM "public"."User" WHERE "public"."User"."email" = $1 LIMIT $2 OFFSET $3
prisma:query INSERT INTO "public"."Sessao" ("id","userId","expiresAt","createdAt") VALUES ($1,$2,$3,$4) RETURNING "public"."Sessao"."id", "public"."Sessao"."userId", "public"."Sessao"."expiresAt", "public"."Sessao"."createdAt"
prisma:query INSERT INTO "public"."AuditLog" ("id","acao","categoria","severidade","usuarioId","usuarioNome","role","detalhes","createdAt") VALUES ($1,$2,$3,$4,$5,$6,$7,$8,$9) RETURNING "public"."AuditLog"."id", "public"."AuditLog"."acao", "public"."AuditLog"."categoria", "public"."AuditLog"."severidade", "public"."AuditLog"."usuarioId", "public"."AuditLog"."usuarioNome", "public"."AuditLog"."role", "public"."AuditLog"."entidade", "public"."AuditLog"."entidadeId", "public"."AuditLog"."detalhes", "public"."AuditLog"."createdAt"
prisma:query SELECT 1
prisma:query SELECT "public"."User"."id", "public"."User"."nome", "public"."User"."email", "public"."User"."senhaHash", "public"."User"."role", "public"."User"."status", "public"."User"."createdAt", "public"."User"."updatedAt" FROM "public"."User" WHERE "public"."User"."role" = $1 ORDER BY "public"."User"."createdAt" DESC OFFSET $2
prisma:query SELECT "public"."Consulta"."id", "public"."Consulta"."pacienteId", "public"."Consulta"."medicoId", "public"."Consulta"."especialidade", "public"."Consulta"."dataInicio", "public"."Consulta"."status", "public"."Consulta"."motivoConsulta", "public"."Consulta"."motivoCancelamento", "public"."Consulta"."resumoMedico", "public"."Consulta"."valor", "public"."Consulta"."pago", "public"."Consulta"."remarcada", "public"."Consulta"."createdAt", "public"."Consulta"."updatedAt" FROM "public"."Consulta" WHERE 1=1 ORDER BY "public"."Consulta"."dataInicio" ASC OFFSET $1
prisma:query SELECT "public"."PerfilMedico"."id", "public"."PerfilMedico"."userId", "public"."PerfilMedico"."crm", "public"."PerfilMedico"."especialidade", "public"."PerfilMedico"."subespecialidades", "public"."PerfilMedico"."valor", "public"."PerfilMedico"."avaliacao", "public"."PerfilMedico"."numAvaliacoes", "public"."PerfilMedico"."formacao", "public"."PerfilMedico"."experiencia", "public"."PerfilMedico"."idiomas", "public"."PerfilMedico"."bio", "public"."PerfilMedico"."foto", "public"."PerfilMedico"."status", "public"."PerfilMedico"."horariosDisponiveis" FROM "public"."PerfilMedico" WHERE 1=1 OFFSET $1
prisma:query SELECT "public"."PerfilPaciente"."id", "public"."PerfilPaciente"."userId", "public"."PerfilPaciente"."cpf", "public"."PerfilPaciente"."telefone", "public"."PerfilPaciente"."convenio", "public"."PerfilPaciente"."idade", "public"."PerfilPaciente"."genero", "public"."PerfilPaciente"."alergias", "public"."PerfilPaciente"."medicamentos", "public"."PerfilPaciente"."tipoSanguineo", "public"."PerfilPaciente"."peso", "public"."PerfilPaciente"."altura" FROM "public"."PerfilPaciente" WHERE "public"."PerfilPaciente"."userId" IN ($1,$2,$3,$4) OFFSET $5
prisma:query SELECT "public"."User"."id", "public"."User"."nome" FROM "public"."User" WHERE "public"."User"."id" IN ($1,$2,$3,$4,$5,$6) OFFSET $7
prisma:query SELECT "public"."User"."id", "public"."User"."nome" FROM "public"."User" WHERE "public"."User"."id" IN ($1,$2,$3,$4) OFFSET $5
prisma:query SELECT "public"."User"."id", "public"."User"."nome" FROM "public"."User" WHERE "public"."User"."id" IN ($1,$2,$3) OFFSET $4
prisma:query SELECT "public"."Documento"."id", "public"."Documento"."tipo", "public"."Documento"."titulo", "public"."Documento"."conteudo", "public"."Documento"."medicoId", "public"."Documento"."pacienteId", "public"."Documento"."medicamento", "public"."Documento"."posologia", "public"."Documento"."duracao", "public"."Documento"."observacoes", "public"."Documento"."cid", "public"."Documento"."createdAt" FROM "public"."Documento" WHERE 1=1 ORDER BY "public"."Documento"."createdAt" DESC OFFSET $1
prisma:query SELECT "public"."User"."id", "public"."User"."nome" FROM "public"."User" WHERE "public"."User"."id" IN ($1,$2,$3) OFFSET $4
prisma:query SELECT "public"."User"."id", "public"."User"."nome" FROM "public"."User" WHERE "public"."User"."id" IN ($1,$2) OFFSET $3
prisma:query SELECT "public"."Arquivo"."id", "public"."Arquivo"."nome", "public"."Arquivo"."tipo", "public"."Arquivo"."tamanhoKb", "public"."Arquivo"."enviadoPor", "public"."Arquivo"."usuarioId", "public"."Arquivo"."consulta", "public"."Arquivo"."createdAt" FROM "public"."Arquivo" WHERE 1=1 ORDER BY "public"."Arquivo"."createdAt" DESC OFFSET $1
prisma:query SELECT "public"."Notificacao"."id", "public"."Notificacao"."usuarioId", "public"."Notificacao"."paraRole", "public"."Notificacao"."tipo", "public"."Notificacao"."titulo", "public"."Notificacao"."texto", "public"."Notificacao"."lida", "public"."Notificacao"."createdAt" FROM "public"."Notificacao" WHERE ("public"."Notificacao"."usuarioId" = $1 OR "public"."Notificacao"."paraRole" = $2 OR ("public"."Notificacao"."usuarioId" IS NULL AND "public"."Notificacao"."paraRole" IS NULL)) ORDER BY "public"."Notificacao"."createdAt" DESC OFFSET $3
prisma:query SELECT "public"."Avaliacao"."id", "public"."Avaliacao"."consultaId", "public"."Avaliacao"."pacienteId", "public"."Avaliacao"."medicoId", "public"."Avaliacao"."nota", "public"."Avaliacao"."comentario", "public"."Avaliacao"."pontualidade", "public"."Avaliacao"."atencao", "public"."Avaliacao"."clareza", "public"."Avaliacao"."createdAt" FROM "public"."Avaliacao" WHERE 1=1 ORDER BY "public"."Avaliacao"."createdAt" DESC OFFSET $1
prisma:query SELECT "public"."User"."id", "public"."User"."nome" FROM "public"."User" WHERE "public"."User"."id" IN ($1,$2,$3) OFFSET $4
prisma:query SELECT "public"."User"."id", "public"."User"."nome" FROM "public"."User" WHERE "public"."User"."id" IN ($1,$2,$3) OFFSET $4
prisma:query SELECT "public"."PerfilMedico"."id", "public"."PerfilMedico"."especialidade", "public"."PerfilMedico"."userId" FROM "public"."PerfilMedico" WHERE "public"."PerfilMedico"."userId" IN ($1,$2,$3) OFFSET $4
prisma:query SELECT "public"."Ticket"."id", "public"."Ticket"."usuarioId", "public"."Ticket"."perfil", "public"."Ticket"."assunto", "public"."Ticket"."categoria", "public"."Ticket"."mensagem", "public"."Ticket"."status", "public"."Ticket"."resposta", "public"."Ticket"."respondidoPor", "public"."Ticket"."dataResposta", "public"."Ticket"."createdAt" FROM "public"."Ticket" WHERE 1=1 ORDER BY "public"."Ticket"."createdAt" DESC OFFSET $1
prisma:query SELECT "public"."User"."id", "public"."User"."nome" FROM "public"."User" WHERE "public"."User"."id" IN ($1,$2,$3) OFFSET $4
prisma:query SELECT "public"."Lembrete"."id", "public"."Lembrete"."usuarioId", "public"."Lembrete"."titulo", "public"."Lembrete"."horario", "public"."Lembrete"."tipo", "public"."Lembrete"."frequencia", "public"."Lembrete"."feito", "public"."Lembrete"."medicamento" FROM "public"."Lembrete" WHERE "public"."Lembrete"."usuarioId" = $1 ORDER BY "public"."Lembrete"."horario" ASC OFFSET $2
prisma:query SELECT "public"."Consentimento"."id", "public"."Consentimento"."pacienteId", "public"."Consentimento"."quem", "public"."Consentimento"."perfil", "public"."Consentimento"."finalidade", "public"."Consentimento"."documentos", "public"."Consentimento"."aceito", "public"."Consentimento"."createdAt" FROM "public"."Consentimento" WHERE 1=1 ORDER BY "public"."Consentimento"."createdAt" DESC OFFSET $1
prisma:query SELECT "public"."User"."id", "public"."User"."nome" FROM "public"."User" WHERE "public"."User"."id" IN ($1) OFFSET $2
prisma:query SELECT "public"."AuditLog"."id", "public"."AuditLog"."acao", "public"."AuditLog"."categoria", "public"."AuditLog"."severidade", "public"."AuditLog"."usuarioId", "public"."AuditLog"."usuarioNome", "public"."AuditLog"."role", "public"."AuditLog"."entidade", "public"."AuditLog"."entidadeId", "public"."AuditLog"."detalhes", "public"."AuditLog"."createdAt" FROM "public"."AuditLog" WHERE 1=1 ORDER BY "public"."AuditLog"."createdAt" DESC LIMIT $1 OFFSET $2
prisma:query SELECT "public"."Mensagem"."id", "public"."Mensagem"."deId", "public"."Mensagem"."paraId", "public"."Mensagem"."texto", "public"."Mensagem"."lida", "public"."Mensagem"."createdAt" FROM "public"."Mensagem" WHERE ("public"."Mensagem"."deId" = $1 OR "public"."Mensagem"."paraId" = $2) ORDER BY "public"."Mensagem"."createdAt" ASC OFFSET $3
prisma:query SELECT "public"."User"."id", "public"."User"."nome" FROM "public"."User" WHERE ("public"."User"."role" = $1 AND "public"."User"."status" = $2) LIMIT $3 OFFSET $4
prisma:query SELECT 1
prisma:query SELECT "public"."Sessao"."id", "public"."Sessao"."userId", "public"."Sessao"."expiresAt", "public"."Sessao"."createdAt" FROM "public"."Sessao" WHERE ("public"."Sessao"."id" = $1 AND 1=1) LIMIT $2 OFFSET $3
prisma:query SELECT "public"."User"."id", "public"."User"."nome", "public"."User"."email", "public"."User"."senhaHash", "public"."User"."role", "public"."User"."status", "public"."User"."createdAt", "public"."User"."updatedAt" FROM "public"."User" WHERE "public"."User"."id" IN ($1) OFFSET $2
prisma:query SELECT "public"."Mensagem"."id", "public"."Mensagem"."deId", "public"."Mensagem"."paraId", "public"."Mensagem"."texto", "public"."Mensagem"."lida", "public"."Mensagem"."createdAt" FROM "public"."Mensagem" WHERE ("public"."Mensagem"."deId" = $1 OR "public"."Mensagem"."paraId" = $2) ORDER BY "public"."Mensagem"."createdAt" ASC OFFSET $3
prisma:query SELECT "public"."Sessao"."id", "public"."Sessao"."userId", "public"."Sessao"."expiresAt", "public"."Sessao"."createdAt" FROM "public"."Sessao" WHERE ("public"."Sessao"."id" = $1 AND 1=1) LIMIT $2 OFFSET $3
prisma:query SELECT "public"."User"."id", "public"."User"."nome", "public"."User"."email", "public"."User"."senhaHash", "public"."User"."role", "public"."User"."status", "public"."User"."createdAt", "public"."User"."updatedAt" FROM "public"."User" WHERE "public"."User"."id" IN ($1) OFFSET $2
prisma:query SELECT "public"."Sessao"."id", "public"."Sessao"."userId", "public"."Sessao"."expiresAt", "public"."Sessao"."createdAt" FROM "public"."Sessao" WHERE ("public"."Sessao"."id" = $1 AND 1=1) LIMIT $2 OFFSET $3
prisma:query SELECT "public"."User"."id", "public"."User"."nome", "public"."User"."email", "public"."User"."senhaHash", "public"."User"."role", "public"."User"."status", "public"."User"."createdAt", "public"."User"."updatedAt" FROM "public"."User" WHERE "public"."User"."id" IN ($1) OFFSET $2
prisma:query SELECT "public"."Consulta"."id", "public"."Consulta"."pacienteId", "public"."Consulta"."medicoId", "public"."Consulta"."especialidade", "public"."Consulta"."dataInicio", "public"."Consulta"."status", "public"."Consulta"."motivoConsulta", "public"."Consulta"."motivoCancelamento", "public"."Consulta"."resumoMedico", "public"."Consulta"."valor", "public"."Consulta"."pago", "public"."Consulta"."remarcada", "public"."Consulta"."createdAt", "public"."Consulta"."updatedAt" FROM "public"."Consulta" WHERE 1=1 ORDER BY "public"."Consulta"."dataInicio" ASC OFFSET $1
prisma:query SELECT 1
prisma:query SELECT 1
prisma:query SELECT "public"."User"."id", "public"."User"."nome" FROM "public"."User" WHERE "public"."User"."id" IN ($1,$2,$3,$4) OFFSET $5
prisma:query SELECT "public"."User"."id", "public"."User"."nome", "public"."User"."email", "public"."User"."senhaHash", "public"."User"."role", "public"."User"."status", "public"."User"."createdAt", "public"."User"."updatedAt" FROM "public"."User" WHERE "public"."User"."role" = $1 ORDER BY "public"."User"."createdAt" DESC OFFSET $2
prisma:query SELECT "public"."PerfilMedico"."id", "public"."PerfilMedico"."userId", "public"."PerfilMedico"."crm", "public"."PerfilMedico"."especialidade", "public"."PerfilMedico"."subespecialidades", "public"."PerfilMedico"."valor", "public"."PerfilMedico"."avaliacao", "public"."PerfilMedico"."numAvaliacoes", "public"."PerfilMedico"."formacao", "public"."PerfilMedico"."experiencia", "public"."PerfilMedico"."idiomas", "public"."PerfilMedico"."bio", "public"."PerfilMedico"."foto", "public"."PerfilMedico"."status", "public"."PerfilMedico"."horariosDisponiveis" FROM "public"."PerfilMedico" WHERE 1=1 OFFSET $1
prisma:query SELECT "public"."User"."id", "public"."User"."nome" FROM "public"."User" WHERE "public"."User"."id" IN ($1,$2,$3) OFFSET $4
prisma:query SELECT "public"."PerfilPaciente"."id", "public"."PerfilPaciente"."userId", "public"."PerfilPaciente"."cpf", "public"."PerfilPaciente"."telefone", "public"."PerfilPaciente"."convenio", "public"."PerfilPaciente"."idade", "public"."PerfilPaciente"."genero", "public"."PerfilPaciente"."alergias", "public"."PerfilPaciente"."medicamentos", "public"."PerfilPaciente"."tipoSanguineo", "public"."PerfilPaciente"."peso", "public"."PerfilPaciente"."altura" FROM "public"."PerfilPaciente" WHERE "public"."PerfilPaciente"."userId" IN ($1,$2,$3,$4) OFFSET $5
prisma:query SELECT "public"."User"."id", "public"."User"."nome" FROM "public"."User" WHERE "public"."User"."id" IN ($1,$2,$3,$4,$5,$6) OFFSET $7
prisma:query SELECT "public"."Documento"."id", "public"."Documento"."tipo", "public"."Documento"."titulo", "public"."Documento"."conteudo", "public"."Documento"."medicoId", "public"."Documento"."pacienteId", "public"."Documento"."medicamento", "public"."Documento"."posologia", "public"."Documento"."duracao", "public"."Documento"."observacoes", "public"."Documento"."cid", "public"."Documento"."createdAt" FROM "public"."Documento" WHERE 1=1 ORDER BY "public"."Documento"."createdAt" DESC OFFSET $1
prisma:query SELECT "public"."User"."id", "public"."User"."nome" FROM "public"."User" WHERE "public"."User"."id" IN ($1,$2,$3) OFFSET $4
prisma:query SELECT "public"."User"."id", "public"."User"."nome" FROM "public"."User" WHERE "public"."User"."id" IN ($1,$2) OFFSET $3
prisma:query SELECT "public"."Arquivo"."id", "public"."Arquivo"."nome", "public"."Arquivo"."tipo", "public"."Arquivo"."tamanhoKb", "public"."Arquivo"."enviadoPor", "public"."Arquivo"."usuarioId", "public"."Arquivo"."consulta", "public"."Arquivo"."createdAt" FROM "public"."Arquivo" WHERE 1=1 ORDER BY "public"."Arquivo"."createdAt" DESC OFFSET $1
prisma:query SELECT "public"."Notificacao"."id", "public"."Notificacao"."usuarioId", "public"."Notificacao"."paraRole", "public"."Notificacao"."tipo", "public"."Notificacao"."titulo", "public"."Notificacao"."texto", "public"."Notificacao"."lida", "public"."Notificacao"."createdAt" FROM "public"."Notificacao" WHERE ("public"."Notificacao"."usuarioId" = $1 OR "public"."Notificacao"."paraRole" = $2 OR ("public"."Notificacao"."usuarioId" IS NULL AND "public"."Notificacao"."paraRole" IS NULL)) ORDER BY "public"."Notificacao"."createdAt" DESC OFFSET $3
prisma:query SELECT "public"."Avaliacao"."id", "public"."Avaliacao"."consultaId", "public"."Avaliacao"."pacienteId", "public"."Avaliacao"."medicoId", "public"."Avaliacao"."nota", "public"."Avaliacao"."comentario", "public"."Avaliacao"."pontualidade", "public"."Avaliacao"."atencao", "public"."Avaliacao"."clareza", "public"."Avaliacao"."createdAt" FROM "public"."Avaliacao" WHERE 1=1 ORDER BY "public"."Avaliacao"."createdAt" DESC OFFSET $1
prisma:query SELECT "public"."User"."id", "public"."User"."nome" FROM "public"."User" WHERE "public"."User"."id" IN ($1,$2,$3) OFFSET $4
prisma:query SELECT "public"."User"."id", "public"."User"."nome" FROM "public"."User" WHERE "public"."User"."id" IN ($1,$2,$3) OFFSET $4
prisma:query SELECT "public"."PerfilMedico"."id", "public"."PerfilMedico"."especialidade", "public"."PerfilMedico"."userId" FROM "public"."PerfilMedico" WHERE "public"."PerfilMedico"."userId" IN ($1,$2,$3) OFFSET $4
prisma:query SELECT "public"."Ticket"."id", "public"."Ticket"."usuarioId", "public"."Ticket"."perfil", "public"."Ticket"."assunto", "public"."Ticket"."categoria", "public"."Ticket"."mensagem", "public"."Ticket"."status", "public"."Ticket"."resposta", "public"."Ticket"."respondidoPor", "public"."Ticket"."dataResposta", "public"."Ticket"."createdAt" FROM "public"."Ticket" WHERE 1=1 ORDER BY "public"."Ticket"."createdAt" DESC OFFSET $1
prisma:query SELECT "public"."User"."id", "public"."User"."nome" FROM "public"."User" WHERE "public"."User"."id" IN ($1,$2,$3) OFFSET $4
prisma:query SELECT "public"."Lembrete"."id", "public"."Lembrete"."usuarioId", "public"."Lembrete"."titulo", "public"."Lembrete"."horario", "public"."Lembrete"."tipo", "public"."Lembrete"."frequencia", "public"."Lembrete"."feito", "public"."Lembrete"."medicamento" FROM "public"."Lembrete" WHERE "public"."Lembrete"."usuarioId" = $1 ORDER BY "public"."Lembrete"."horario" ASC OFFSET $2
prisma:query SELECT "public"."Consentimento"."id", "public"."Consentimento"."pacienteId", "public"."Consentimento"."quem", "public"."Consentimento"."perfil", "public"."Consentimento"."finalidade", "public"."Consentimento"."documentos", "public"."Consentimento"."aceito", "public"."Consentimento"."createdAt" FROM "public"."Consentimento" WHERE 1=1 ORDER BY "public"."Consentimento"."createdAt" DESC OFFSET $1
prisma:query SELECT "public"."User"."id", "public"."User"."nome" FROM "public"."User" WHERE "public"."User"."id" IN ($1) OFFSET $2
prisma:query SELECT "public"."AuditLog"."id", "public"."AuditLog"."acao", "public"."AuditLog"."categoria", "public"."AuditLog"."severidade", "public"."AuditLog"."usuarioId", "public"."AuditLog"."usuarioNome", "public"."AuditLog"."role", "public"."AuditLog"."entidade", "public"."AuditLog"."entidadeId", "public"."AuditLog"."detalhes", "public"."AuditLog"."createdAt" FROM "public"."AuditLog" WHERE 1=1 ORDER BY "public"."AuditLog"."createdAt" DESC LIMIT $1 OFFSET $2
prisma:query SELECT "public"."Mensagem"."id", "public"."Mensagem"."deId", "public"."Mensagem"."paraId", "public"."Mensagem"."texto", "public"."Mensagem"."lida", "public"."Mensagem"."createdAt" FROM "public"."Mensagem" WHERE ("public"."Mensagem"."deId" = $1 OR "public"."Mensagem"."paraId" = $2) ORDER BY "public"."Mensagem"."createdAt" ASC OFFSET $3
prisma:query SELECT "public"."User"."id", "public"."User"."nome" FROM "public"."User" WHERE ("public"."User"."role" = $1 AND "public"."User"."status" = $2) LIMIT $3 OFFSET $4
prisma:query SELECT "public"."Sessao"."id", "public"."Sessao"."userId", "public"."Sessao"."expiresAt", "public"."Sessao"."createdAt" FROM "public"."Sessao" WHERE ("public"."Sessao"."id" = $1 AND 1=1) LIMIT $2 OFFSET $3
prisma:query SELECT "public"."User"."id", "public"."User"."nome", "public"."User"."email", "public"."User"."senhaHash", "public"."User"."role", "public"."User"."status", "public"."User"."createdAt", "public"."User"."updatedAt" FROM "public"."User" WHERE "public"."User"."id" IN ($1) OFFSET $2
prisma:query SELECT "public"."Mensagem"."id", "public"."Mensagem"."deId", "public"."Mensagem"."paraId", "public"."Mensagem"."texto", "public"."Mensagem"."lida", "public"."Mensagem"."createdAt" FROM "public"."Mensagem" WHERE ("public"."Mensagem"."deId" = $1 OR "public"."Mensagem"."paraId" = $2) ORDER BY "public"."Mensagem"."createdAt" ASC OFFSET $3
prisma:query SELECT 1
prisma:query SELECT "public"."Sessao"."id", "public"."Sessao"."userId", "public"."Sessao"."expiresAt", "public"."Sessao"."createdAt" FROM "public"."Sessao" WHERE ("public"."Sessao"."id" = $1 AND 1=1) LIMIT $2 OFFSET $3
prisma:query SELECT "public"."User"."id", "public"."User"."nome", "public"."User"."email", "public"."User"."senhaHash", "public"."User"."role", "public"."User"."status", "public"."User"."createdAt", "public"."User"."updatedAt" FROM "public"."User" WHERE "public"."User"."id" IN ($1) OFFSET $2
prisma:query SELECT "public"."Sessao"."id", "public"."Sessao"."userId", "public"."Sessao"."expiresAt", "public"."Sessao"."createdAt" FROM "public"."Sessao" WHERE ("public"."Sessao"."id" = $1 AND 1=1) LIMIT $2 OFFSET $3
prisma:query SELECT "public"."User"."id", "public"."User"."nome", "public"."User"."email", "public"."User"."senhaHash", "public"."User"."role", "public"."User"."status", "public"."User"."createdAt", "public"."User"."updatedAt" FROM "public"."User" WHERE "public"."User"."id" IN ($1) OFFSET $2
prisma:query SELECT 1
prisma:query SELECT 1
prisma:query SELECT "public"."PerfilMedico"."id", "public"."PerfilMedico"."userId", "public"."PerfilMedico"."crm", "public"."PerfilMedico"."especialidade", "public"."PerfilMedico"."subespecialidades", "public"."PerfilMedico"."valor", "public"."PerfilMedico"."avaliacao", "public"."PerfilMedico"."numAvaliacoes", "public"."PerfilMedico"."formacao", "public"."PerfilMedico"."experiencia", "public"."PerfilMedico"."idiomas", "public"."PerfilMedico"."bio", "public"."PerfilMedico"."foto", "public"."PerfilMedico"."status", "public"."PerfilMedico"."horariosDisponiveis" FROM "public"."PerfilMedico" WHERE 1=1 OFFSET $1
prisma:query SELECT "public"."User"."id", "public"."User"."nome", "public"."User"."email", "public"."User"."senhaHash", "public"."User"."role", "public"."User"."status", "public"."User"."createdAt", "public"."User"."updatedAt" FROM "public"."User" WHERE "public"."User"."role" = $1 ORDER BY "public"."User"."createdAt" DESC OFFSET $2
prisma:query SELECT "public"."Consulta"."id", "public"."Consulta"."pacienteId", "public"."Consulta"."medicoId", "public"."Consulta"."especialidade", "public"."Consulta"."dataInicio", "public"."Consulta"."status", "public"."Consulta"."motivoConsulta", "public"."Consulta"."motivoCancelamento", "public"."Consulta"."resumoMedico", "public"."Consulta"."valor", "public"."Consulta"."pago", "public"."Consulta"."remarcada", "public"."Consulta"."createdAt", "public"."Consulta"."updatedAt" FROM "public"."Consulta" WHERE 1=1 ORDER BY "public"."Consulta"."dataInicio" ASC OFFSET $1
prisma:query SELECT "public"."User"."id", "public"."User"."nome" FROM "public"."User" WHERE "public"."User"."id" IN ($1,$2,$3,$4,$5,$6) OFFSET $7
prisma:query SELECT "public"."PerfilPaciente"."id", "public"."PerfilPaciente"."userId", "public"."PerfilPaciente"."cpf", "public"."PerfilPaciente"."telefone", "public"."PerfilPaciente"."convenio", "public"."PerfilPaciente"."idade", "public"."PerfilPaciente"."genero", "public"."PerfilPaciente"."alergias", "public"."PerfilPaciente"."medicamentos", "public"."PerfilPaciente"."tipoSanguineo", "public"."PerfilPaciente"."peso", "public"."PerfilPaciente"."altura" FROM "public"."PerfilPaciente" WHERE "public"."PerfilPaciente"."userId" IN ($1,$2,$3,$4) OFFSET $5
prisma:query SELECT "public"."User"."id", "public"."User"."nome" FROM "public"."User" WHERE "public"."User"."id" IN ($1,$2,$3,$4) OFFSET $5
prisma:query SELECT "public"."User"."id", "public"."User"."nome" FROM "public"."User" WHERE "public"."User"."id" IN ($1,$2,$3) OFFSET $4
prisma:query SELECT "public"."Documento"."id", "public"."Documento"."tipo", "public"."Documento"."titulo", "public"."Documento"."conteudo", "public"."Documento"."medicoId", "public"."Documento"."pacienteId", "public"."Documento"."medicamento", "public"."Documento"."posologia", "public"."Documento"."duracao", "public"."Documento"."observacoes", "public"."Documento"."cid", "public"."Documento"."createdAt" FROM "public"."Documento" WHERE 1=1 ORDER BY "public"."Documento"."createdAt" DESC OFFSET $1
prisma:query SELECT "public"."User"."id", "public"."User"."nome" FROM "public"."User" WHERE "public"."User"."id" IN ($1,$2,$3) OFFSET $4
prisma:query SELECT "public"."User"."id", "public"."User"."nome" FROM "public"."User" WHERE "public"."User"."id" IN ($1,$2) OFFSET $3
prisma:query SELECT "public"."Arquivo"."id", "public"."Arquivo"."nome", "public"."Arquivo"."tipo", "public"."Arquivo"."tamanhoKb", "public"."Arquivo"."enviadoPor", "public"."Arquivo"."usuarioId", "public"."Arquivo"."consulta", "public"."Arquivo"."createdAt" FROM "public"."Arquivo" WHERE 1=1 ORDER BY "public"."Arquivo"."createdAt" DESC OFFSET $1
prisma:query SELECT "public"."Notificacao"."id", "public"."Notificacao"."usuarioId", "public"."Notificacao"."paraRole", "public"."Notificacao"."tipo", "public"."Notificacao"."titulo", "public"."Notificacao"."texto", "public"."Notificacao"."lida", "public"."Notificacao"."createdAt" FROM "public"."Notificacao" WHERE ("public"."Notificacao"."usuarioId" = $1 OR "public"."Notificacao"."paraRole" = $2 OR ("public"."Notificacao"."usuarioId" IS NULL AND "public"."Notificacao"."paraRole" IS NULL)) ORDER BY "public"."Notificacao"."createdAt" DESC OFFSET $3
prisma:query SELECT "public"."Avaliacao"."id", "public"."Avaliacao"."consultaId", "public"."Avaliacao"."pacienteId", "public"."Avaliacao"."medicoId", "public"."Avaliacao"."nota", "public"."Avaliacao"."comentario", "public"."Avaliacao"."pontualidade", "public"."Avaliacao"."atencao", "public"."Avaliacao"."clareza", "public"."Avaliacao"."createdAt" FROM "public"."Avaliacao" WHERE 1=1 ORDER BY "public"."Avaliacao"."createdAt" DESC OFFSET $1
prisma:query SELECT "public"."User"."id", "public"."User"."nome" FROM "public"."User" WHERE "public"."User"."id" IN ($1,$2,$3) OFFSET $4
prisma:query SELECT "public"."User"."id", "public"."User"."nome" FROM "public"."User" WHERE "public"."User"."id" IN ($1,$2,$3) OFFSET $4
prisma:query SELECT "public"."PerfilMedico"."id", "public"."PerfilMedico"."especialidade", "public"."PerfilMedico"."userId" FROM "public"."PerfilMedico" WHERE "public"."PerfilMedico"."userId" IN ($1,$2,$3) OFFSET $4
prisma:query SELECT "public"."Ticket"."id", "public"."Ticket"."usuarioId", "public"."Ticket"."perfil", "public"."Ticket"."assunto", "public"."Ticket"."categoria", "public"."Ticket"."mensagem", "public"."Ticket"."status", "public"."Ticket"."resposta", "public"."Ticket"."respondidoPor", "public"."Ticket"."dataResposta", "public"."Ticket"."createdAt" FROM "public"."Ticket" WHERE 1=1 ORDER BY "public"."Ticket"."createdAt" DESC OFFSET $1
prisma:query SELECT "public"."User"."id", "public"."User"."nome" FROM "public"."User" WHERE "public"."User"."id" IN ($1,$2,$3) OFFSET $4
prisma:query SELECT "public"."Lembrete"."id", "public"."Lembrete"."usuarioId", "public"."Lembrete"."titulo", "public"."Lembrete"."horario", "public"."Lembrete"."tipo", "public"."Lembrete"."frequencia", "public"."Lembrete"."feito", "public"."Lembrete"."medicamento" FROM "public"."Lembrete" WHERE "public"."Lembrete"."usuarioId" = $1 ORDER BY "public"."Lembrete"."horario" ASC OFFSET $2
prisma:query SELECT "public"."Consentimento"."id", "public"."Consentimento"."pacienteId", "public"."Consentimento"."quem", "public"."Consentimento"."perfil", "public"."Consentimento"."finalidade", "public"."Consentimento"."documentos", "public"."Consentimento"."aceito", "public"."Consentimento"."createdAt" FROM "public"."Consentimento" WHERE 1=1 ORDER BY "public"."Consentimento"."createdAt" DESC OFFSET $1
prisma:query SELECT "public"."User"."id", "public"."User"."nome" FROM "public"."User" WHERE "public"."User"."id" IN ($1) OFFSET $2
prisma:query SELECT "public"."AuditLog"."id", "public"."AuditLog"."acao", "public"."AuditLog"."categoria", "public"."AuditLog"."severidade", "public"."AuditLog"."usuarioId", "public"."AuditLog"."usuarioNome", "public"."AuditLog"."role", "public"."AuditLog"."entidade", "public"."AuditLog"."entidadeId", "public"."AuditLog"."detalhes", "public"."AuditLog"."createdAt" FROM "public"."AuditLog" WHERE 1=1 ORDER BY "public"."AuditLog"."createdAt" DESC LIMIT $1 OFFSET $2
prisma:query SELECT "public"."Mensagem"."id", "public"."Mensagem"."deId", "public"."Mensagem"."paraId", "public"."Mensagem"."texto", "public"."Mensagem"."lida", "public"."Mensagem"."createdAt" FROM "public"."Mensagem" WHERE ("public"."Mensagem"."deId" = $1 OR "public"."Mensagem"."paraId" = $2) ORDER BY "public"."Mensagem"."createdAt" ASC OFFSET $3
prisma:query SELECT "public"."User"."id", "public"."User"."nome" FROM "public"."User" WHERE ("public"."User"."role" = $1 AND "public"."User"."status" = $2) LIMIT $3 OFFSET $4
prisma:query SELECT "public"."Sessao"."id", "public"."Sessao"."userId", "public"."Sessao"."expiresAt", "public"."Sessao"."createdAt" FROM "public"."Sessao" WHERE ("public"."Sessao"."id" = $1 AND 1=1) LIMIT $2 OFFSET $3
prisma:query SELECT "public"."User"."id", "public"."User"."nome", "public"."User"."email", "public"."User"."senhaHash", "public"."User"."role", "public"."User"."status", "public"."User"."createdAt", "public"."User"."updatedAt" FROM "public"."User" WHERE "public"."User"."id" IN ($1) OFFSET $2
prisma:query SELECT "public"."Sessao"."id", "public"."Sessao"."userId", "public"."Sessao"."expiresAt", "public"."Sessao"."createdAt" FROM "public"."Sessao" WHERE ("public"."Sessao"."id" = $1 AND 1=1) LIMIT $2 OFFSET $3
prisma:query SELECT "public"."User"."id", "public"."User"."nome", "public"."User"."email", "public"."User"."senhaHash", "public"."User"."role", "public"."User"."status", "public"."User"."createdAt", "public"."User"."updatedAt" FROM "public"."User" WHERE "public"."User"."id" IN ($1) OFFSET $2
prisma:query SELECT "public"."User"."id", "public"."User"."nome", "public"."User"."email", "public"."User"."senhaHash", "public"."User"."role", "public"."User"."status", "public"."User"."createdAt", "public"."User"."updatedAt" FROM "public"."User" WHERE "public"."User"."role" = $1 ORDER BY "public"."User"."createdAt" DESC OFFSET $2
prisma:query SELECT "public"."PerfilMedico"."id", "public"."PerfilMedico"."userId", "public"."PerfilMedico"."crm", "public"."PerfilMedico"."especialidade", "public"."PerfilMedico"."subespecialidades", "public"."PerfilMedico"."valor", "public"."PerfilMedico"."avaliacao", "public"."PerfilMedico"."numAvaliacoes", "public"."PerfilMedico"."formacao", "public"."PerfilMedico"."experiencia", "public"."PerfilMedico"."idiomas", "public"."PerfilMedico"."bio", "public"."PerfilMedico"."foto", "public"."PerfilMedico"."status", "public"."PerfilMedico"."horariosDisponiveis" FROM "public"."PerfilMedico" WHERE 1=1 OFFSET $1
prisma:query SELECT "public"."Consulta"."id", "public"."Consulta"."pacienteId", "public"."Consulta"."medicoId", "public"."Consulta"."especialidade", "public"."Consulta"."dataInicio", "public"."Consulta"."status", "public"."Consulta"."motivoConsulta", "public"."Consulta"."motivoCancelamento", "public"."Consulta"."resumoMedico", "public"."Consulta"."valor", "public"."Consulta"."pago", "public"."Consulta"."remarcada", "public"."Consulta"."createdAt", "public"."Consulta"."updatedAt" FROM "public"."Consulta" WHERE 1=1 ORDER BY "public"."Consulta"."dataInicio" ASC OFFSET $1
prisma:query SELECT "public"."PerfilPaciente"."id", "public"."PerfilPaciente"."userId", "public"."PerfilPaciente"."cpf", "public"."PerfilPaciente"."telefone", "public"."PerfilPaciente"."convenio", "public"."PerfilPaciente"."idade", "public"."PerfilPaciente"."genero", "public"."PerfilPaciente"."alergias", "public"."PerfilPaciente"."medicamentos", "public"."PerfilPaciente"."tipoSanguineo", "public"."PerfilPaciente"."peso", "public"."PerfilPaciente"."altura" FROM "public"."PerfilPaciente" WHERE "public"."PerfilPaciente"."userId" IN ($1,$2,$3,$4) OFFSET $5
prisma:query SELECT "public"."User"."id", "public"."User"."nome" FROM "public"."User" WHERE "public"."User"."id" IN ($1,$2,$3,$4,$5,$6) OFFSET $7
prisma:query SELECT "public"."User"."id", "public"."User"."nome" FROM "public"."User" WHERE "public"."User"."id" IN ($1,$2,$3,$4) OFFSET $5
prisma:query SELECT "public"."User"."id", "public"."User"."nome" FROM "public"."User" WHERE "public"."User"."id" IN ($1,$2,$3) OFFSET $4
prisma:query SELECT "public"."Documento"."id", "public"."Documento"."tipo", "public"."Documento"."titulo", "public"."Documento"."conteudo", "public"."Documento"."medicoId", "public"."Documento"."pacienteId", "public"."Documento"."medicamento", "public"."Documento"."posologia", "public"."Documento"."duracao", "public"."Documento"."observacoes", "public"."Documento"."cid", "public"."Documento"."createdAt" FROM "public"."Documento" WHERE 1=1 ORDER BY "public"."Documento"."createdAt" DESC OFFSET $1
prisma:query SELECT "public"."User"."id", "public"."User"."nome" FROM "public"."User" WHERE "public"."User"."id" IN ($1,$2,$3) OFFSET $4
prisma:query SELECT "public"."User"."id", "public"."User"."nome" FROM "public"."User" WHERE "public"."User"."id" IN ($1,$2) OFFSET $3
prisma:query SELECT 1
prisma:query SELECT "public"."Arquivo"."id", "public"."Arquivo"."nome", "public"."Arquivo"."tipo", "public"."Arquivo"."tamanhoKb", "public"."Arquivo"."enviadoPor", "public"."Arquivo"."usuarioId", "public"."Arquivo"."consulta", "public"."Arquivo"."createdAt" FROM "public"."Arquivo" WHERE 1=1 ORDER BY "public"."Arquivo"."createdAt" DESC OFFSET $1
prisma:query SELECT "public"."Notificacao"."id", "public"."Notificacao"."usuarioId", "public"."Notificacao"."paraRole", "public"."Notificacao"."tipo", "public"."Notificacao"."titulo", "public"."Notificacao"."texto", "public"."Notificacao"."lida", "public"."Notificacao"."createdAt" FROM "public"."Notificacao" WHERE ("public"."Notificacao"."usuarioId" = $1 OR "public"."Notificacao"."paraRole" = $2 OR ("public"."Notificacao"."usuarioId" IS NULL AND "public"."Notificacao"."paraRole" IS NULL)) ORDER BY "public"."Notificacao"."createdAt" DESC OFFSET $3
prisma:query SELECT "public"."Avaliacao"."id", "public"."Avaliacao"."consultaId", "public"."Avaliacao"."pacienteId", "public"."Avaliacao"."medicoId", "public"."Avaliacao"."nota", "public"."Avaliacao"."comentario", "public"."Avaliacao"."pontualidade", "public"."Avaliacao"."atencao", "public"."Avaliacao"."clareza", "public"."Avaliacao"."createdAt" FROM "public"."Avaliacao" WHERE 1=1 ORDER BY "public"."Avaliacao"."createdAt" DESC OFFSET $1
prisma:query SELECT "public"."User"."id", "public"."User"."nome" FROM "public"."User" WHERE "public"."User"."id" IN ($1,$2,$3) OFFSET $4
prisma:query SELECT "public"."User"."id", "public"."User"."nome" FROM "public"."User" WHERE "public"."User"."id" IN ($1,$2,$3) OFFSET $4
prisma:query SELECT "public"."PerfilMedico"."id", "public"."PerfilMedico"."especialidade", "public"."PerfilMedico"."userId" FROM "public"."PerfilMedico" WHERE "public"."PerfilMedico"."userId" IN ($1,$2,$3) OFFSET $4
prisma:query SELECT "public"."Ticket"."id", "public"."Ticket"."usuarioId", "public"."Ticket"."perfil", "public"."Ticket"."assunto", "public"."Ticket"."categoria", "public"."Ticket"."mensagem", "public"."Ticket"."status", "public"."Ticket"."resposta", "public"."Ticket"."respondidoPor", "public"."Ticket"."dataResposta", "public"."Ticket"."createdAt" FROM "public"."Ticket" WHERE 1=1 ORDER BY "public"."Ticket"."createdAt" DESC OFFSET $1
prisma:query SELECT "public"."User"."id", "public"."User"."nome" FROM "public"."User" WHERE "public"."User"."id" IN ($1,$2,$3) OFFSET $4
prisma:query SELECT "public"."Lembrete"."id", "public"."Lembrete"."usuarioId", "public"."Lembrete"."titulo", "public"."Lembrete"."horario", "public"."Lembrete"."tipo", "public"."Lembrete"."frequencia", "public"."Lembrete"."feito", "public"."Lembrete"."medicamento" FROM "public"."Lembrete" WHERE "public"."Lembrete"."usuarioId" = $1 ORDER BY "public"."Lembrete"."horario" ASC OFFSET $2
prisma:query SELECT "public"."Consentimento"."id", "public"."Consentimento"."pacienteId", "public"."Consentimento"."quem", "public"."Consentimento"."perfil", "public"."Consentimento"."finalidade", "public"."Consentimento"."documentos", "public"."Consentimento"."aceito", "public"."Consentimento"."createdAt" FROM "public"."Consentimento" WHERE 1=1 ORDER BY "public"."Consentimento"."createdAt" DESC OFFSET $1
prisma:query SELECT "public"."User"."id", "public"."User"."nome" FROM "public"."User" WHERE "public"."User"."id" IN ($1) OFFSET $2
prisma:query SELECT "public"."AuditLog"."id", "public"."AuditLog"."acao", "public"."AuditLog"."categoria", "public"."AuditLog"."severidade", "public"."AuditLog"."usuarioId", "public"."AuditLog"."usuarioNome", "public"."AuditLog"."role", "public"."AuditLog"."entidade", "public"."AuditLog"."entidadeId", "public"."AuditLog"."detalhes", "public"."AuditLog"."createdAt" FROM "public"."AuditLog" WHERE 1=1 ORDER BY "public"."AuditLog"."createdAt" DESC LIMIT $1 OFFSET $2
prisma:query SELECT "public"."Mensagem"."id", "public"."Mensagem"."deId", "public"."Mensagem"."paraId", "public"."Mensagem"."texto", "public"."Mensagem"."lida", "public"."Mensagem"."createdAt" FROM "public"."Mensagem" WHERE ("public"."Mensagem"."deId" = $1 OR "public"."Mensagem"."paraId" = $2) ORDER BY "public"."Mensagem"."createdAt" ASC OFFSET $3
prisma:query SELECT "public"."User"."id", "public"."User"."nome" FROM "public"."User" WHERE ("public"."User"."role" = $1 AND "public"."User"."status" = $2) LIMIT $3 OFFSET $4
prisma:query SELECT "public"."Sessao"."id", "public"."Sessao"."userId", "public"."Sessao"."expiresAt", "public"."Sessao"."createdAt" FROM "public"."Sessao" WHERE ("public"."Sessao"."id" = $1 AND 1=1) LIMIT $2 OFFSET $3
prisma:query SELECT "public"."User"."id", "public"."User"."nome", "public"."User"."email", "public"."User"."senhaHash", "public"."User"."role", "public"."User"."status", "public"."User"."createdAt", "public"."User"."updatedAt" FROM "public"."User" WHERE "public"."User"."id" IN ($1) OFFSET $2
prisma:query SELECT "public"."Mensagem"."id", "public"."Mensagem"."deId", "public"."Mensagem"."paraId", "public"."Mensagem"."texto", "public"."Mensagem"."lida", "public"."Mensagem"."createdAt" FROM "public"."Mensagem" WHERE ("public"."Mensagem"."deId" = $1 OR "public"."Mensagem"."paraId" = $2) ORDER BY "public"."Mensagem"."createdAt" ASC OFFSET $3
prisma:query SELECT "public"."Sessao"."id", "public"."Sessao"."userId", "public"."Sessao"."expiresAt", "public"."Sessao"."createdAt" FROM "public"."Sessao" WHERE ("public"."Sessao"."id" = $1 AND 1=1) LIMIT $2 OFFSET $3
prisma:query SELECT "public"."User"."id", "public"."User"."nome", "public"."User"."email", "public"."User"."senhaHash", "public"."User"."role", "public"."User"."status", "public"."User"."createdAt", "public"."User"."updatedAt" FROM "public"."User" WHERE "public"."User"."id" IN ($1) OFFSET $2
prisma:query INSERT INTO "public"."AuditLog" ("id","acao","categoria","severidade","usuarioId","usuarioNome","role","detalhes","createdAt") VALUES ($1,$2,$3,$4,$5,$6,$7,$8,$9) RETURNING "public"."AuditLog"."id", "public"."AuditLog"."acao", "public"."AuditLog"."categoria", "public"."AuditLog"."severidade", "public"."AuditLog"."usuarioId", "public"."AuditLog"."usuarioNome", "public"."AuditLog"."role", "public"."AuditLog"."entidade", "public"."AuditLog"."entidadeId", "public"."AuditLog"."detalhes", "public"."AuditLog"."createdAt"
prisma:query DELETE FROM "public"."Sessao" WHERE "public"."Sessao"."id" = $1
prisma:query SELECT 1
prisma:query SELECT "public"."User"."id", "public"."User"."nome", "public"."User"."email", "public"."User"."senhaHash", "public"."User"."role", "public"."User"."status", "public"."User"."createdAt", "public"."User"."updatedAt" FROM "public"."User" WHERE "public"."User"."email" = $1 LIMIT $2 OFFSET $3
prisma:query INSERT INTO "public"."Sessao" ("id","userId","expiresAt","createdAt") VALUES ($1,$2,$3,$4) RETURNING "public"."Sessao"."id", "public"."Sessao"."userId", "public"."Sessao"."expiresAt", "public"."Sessao"."createdAt"
prisma:query INSERT INTO "public"."AuditLog" ("id","acao","categoria","severidade","usuarioId","usuarioNome","role","detalhes","createdAt") VALUES ($1,$2,$3,$4,$5,$6,$7,$8,$9) RETURNING "public"."AuditLog"."id", "public"."AuditLog"."acao", "public"."AuditLog"."categoria", "public"."AuditLog"."severidade", "public"."AuditLog"."usuarioId", "public"."AuditLog"."usuarioNome", "public"."AuditLog"."role", "public"."AuditLog"."entidade", "public"."AuditLog"."entidadeId", "public"."AuditLog"."detalhes", "public"."AuditLog"."createdAt"
prisma:query SELECT 1
prisma:query SELECT 1
prisma:query SELECT "public"."PerfilMedico"."id", "public"."PerfilMedico"."userId", "public"."PerfilMedico"."crm", "public"."PerfilMedico"."especialidade", "public"."PerfilMedico"."subespecialidades", "public"."PerfilMedico"."valor", "public"."PerfilMedico"."avaliacao", "public"."PerfilMedico"."numAvaliacoes", "public"."PerfilMedico"."formacao", "public"."PerfilMedico"."experiencia", "public"."PerfilMedico"."idiomas", "public"."PerfilMedico"."bio", "public"."PerfilMedico"."foto", "public"."PerfilMedico"."status", "public"."PerfilMedico"."horariosDisponiveis" FROM "public"."PerfilMedico" WHERE 1=1 OFFSET $1
prisma:query SELECT "public"."User"."id", "public"."User"."nome", "public"."User"."email", "public"."User"."senhaHash", "public"."User"."role", "public"."User"."status", "public"."User"."createdAt", "public"."User"."updatedAt" FROM "public"."User" WHERE "public"."User"."role" = $1 ORDER BY "public"."User"."createdAt" DESC OFFSET $2
prisma:query SELECT "public"."Consulta"."id", "public"."Consulta"."pacienteId", "public"."Consulta"."medicoId", "public"."Consulta"."especialidade", "public"."Consulta"."dataInicio", "public"."Consulta"."status", "public"."Consulta"."motivoConsulta", "public"."Consulta"."motivoCancelamento", "public"."Consulta"."resumoMedico", "public"."Consulta"."valor", "public"."Consulta"."pago", "public"."Consulta"."remarcada", "public"."Consulta"."createdAt", "public"."Consulta"."updatedAt" FROM "public"."Consulta" WHERE "public"."Consulta"."pacienteId" = $1 ORDER BY "public"."Consulta"."dataInicio" ASC OFFSET $2
prisma:query SELECT "public"."User"."id", "public"."User"."nome" FROM "public"."User" WHERE "public"."User"."id" IN ($1,$2,$3,$4,$5,$6) OFFSET $7
prisma:query SELECT "public"."PerfilPaciente"."id", "public"."PerfilPaciente"."userId", "public"."PerfilPaciente"."cpf", "public"."PerfilPaciente"."telefone", "public"."PerfilPaciente"."convenio", "public"."PerfilPaciente"."idade", "public"."PerfilPaciente"."genero", "public"."PerfilPaciente"."alergias", "public"."PerfilPaciente"."medicamentos", "public"."PerfilPaciente"."tipoSanguineo", "public"."PerfilPaciente"."peso", "public"."PerfilPaciente"."altura" FROM "public"."PerfilPaciente" WHERE "public"."PerfilPaciente"."userId" IN ($1,$2,$3,$4) OFFSET $5
prisma:query SELECT "public"."User"."id", "public"."User"."nome" FROM "public"."User" WHERE "public"."User"."id" IN ($1,$2,$3) OFFSET $4
prisma:query SELECT "public"."User"."id", "public"."User"."nome" FROM "public"."User" WHERE "public"."User"."id" IN ($1) OFFSET $2
prisma:query SELECT "public"."Documento"."id", "public"."Documento"."tipo", "public"."Documento"."titulo", "public"."Documento"."conteudo", "public"."Documento"."medicoId", "public"."Documento"."pacienteId", "public"."Documento"."medicamento", "public"."Documento"."posologia", "public"."Documento"."duracao", "public"."Documento"."observacoes", "public"."Documento"."cid", "public"."Documento"."createdAt" FROM "public"."Documento" WHERE "public"."Documento"."pacienteId" = $1 ORDER BY "public"."Documento"."createdAt" DESC OFFSET $2
prisma:query SELECT "public"."User"."id", "public"."User"."nome" FROM "public"."User" WHERE "public"."User"."id" IN ($1,$2) OFFSET $3
prisma:query SELECT "public"."User"."id", "public"."User"."nome" FROM "public"."User" WHERE "public"."User"."id" IN ($1) OFFSET $2
prisma:query SELECT "public"."Consulta"."id", "public"."Consulta"."medicoId" FROM "public"."Consulta" WHERE "public"."Consulta"."pacienteId" = $1 OFFSET $2
prisma:query SELECT "public"."Arquivo"."id", "public"."Arquivo"."nome", "public"."Arquivo"."tipo", "public"."Arquivo"."tamanhoKb", "public"."Arquivo"."enviadoPor", "public"."Arquivo"."usuarioId", "public"."Arquivo"."consulta", "public"."Arquivo"."createdAt" FROM "public"."Arquivo" WHERE ("public"."Arquivo"."usuarioId" = $1 OR "public"."Arquivo"."usuarioId" IN ($2,$3,$4)) ORDER BY "public"."Arquivo"."createdAt" DESC OFFSET $5
prisma:query SELECT "public"."Notificacao"."id", "public"."Notificacao"."usuarioId", "public"."Notificacao"."paraRole", "public"."Notificacao"."tipo", "public"."Notificacao"."titulo", "public"."Notificacao"."texto", "public"."Notificacao"."lida", "public"."Notificacao"."createdAt" FROM "public"."Notificacao" WHERE ("public"."Notificacao"."usuarioId" = $1 OR "public"."Notificacao"."paraRole" = $2 OR ("public"."Notificacao"."usuarioId" IS NULL AND "public"."Notificacao"."paraRole" IS NULL)) ORDER BY "public"."Notificacao"."createdAt" DESC OFFSET $3
prisma:query SELECT "public"."Avaliacao"."id", "public"."Avaliacao"."consultaId", "public"."Avaliacao"."pacienteId", "public"."Avaliacao"."medicoId", "public"."Avaliacao"."nota", "public"."Avaliacao"."comentario", "public"."Avaliacao"."pontualidade", "public"."Avaliacao"."atencao", "public"."Avaliacao"."clareza", "public"."Avaliacao"."createdAt" FROM "public"."Avaliacao" WHERE "public"."Avaliacao"."pacienteId" = $1 ORDER BY "public"."Avaliacao"."createdAt" DESC OFFSET $2
prisma:query SELECT "public"."User"."id", "public"."User"."nome" FROM "public"."User" WHERE "public"."User"."id" IN ($1) OFFSET $2
prisma:query SELECT "public"."User"."id", "public"."User"."nome" FROM "public"."User" WHERE "public"."User"."id" IN ($1) OFFSET $2
prisma:query SELECT "public"."PerfilMedico"."id", "public"."PerfilMedico"."especialidade", "public"."PerfilMedico"."userId" FROM "public"."PerfilMedico" WHERE "public"."PerfilMedico"."userId" IN ($1) OFFSET $2
prisma:query SELECT "public"."Ticket"."id", "public"."Ticket"."usuarioId", "public"."Ticket"."perfil", "public"."Ticket"."assunto", "public"."Ticket"."categoria", "public"."Ticket"."mensagem", "public"."Ticket"."status", "public"."Ticket"."resposta", "public"."Ticket"."respondidoPor", "public"."Ticket"."dataResposta", "public"."Ticket"."createdAt" FROM "public"."Ticket" WHERE "public"."Ticket"."usuarioId" = $1 ORDER BY "public"."Ticket"."createdAt" DESC OFFSET $2
prisma:query SELECT "public"."User"."id", "public"."User"."nome" FROM "public"."User" WHERE "public"."User"."id" IN ($1) OFFSET $2
prisma:query SELECT "public"."Lembrete"."id", "public"."Lembrete"."usuarioId", "public"."Lembrete"."titulo", "public"."Lembrete"."horario", "public"."Lembrete"."tipo", "public"."Lembrete"."frequencia", "public"."Lembrete"."feito", "public"."Lembrete"."medicamento" FROM "public"."Lembrete" WHERE "public"."Lembrete"."usuarioId" = $1 ORDER BY "public"."Lembrete"."horario" ASC OFFSET $2
prisma:query SELECT "public"."Consentimento"."id", "public"."Consentimento"."pacienteId", "public"."Consentimento"."quem", "public"."Consentimento"."perfil", "public"."Consentimento"."finalidade", "public"."Consentimento"."documentos", "public"."Consentimento"."aceito", "public"."Consentimento"."createdAt" FROM "public"."Consentimento" WHERE ("public"."Consentimento"."pacienteId" = $1 OR "public"."Consentimento"."quem" = $2) ORDER BY "public"."Consentimento"."createdAt" DESC OFFSET $3
prisma:query SELECT "public"."User"."id", "public"."User"."nome" FROM "public"."User" WHERE "public"."User"."id" IN ($1) OFFSET $2
prisma:query SELECT "public"."Mensagem"."id", "public"."Mensagem"."deId", "public"."Mensagem"."paraId", "public"."Mensagem"."texto", "public"."Mensagem"."lida", "public"."Mensagem"."createdAt" FROM "public"."Mensagem" WHERE ("public"."Mensagem"."deId" = $1 OR "public"."Mensagem"."paraId" = $2) ORDER BY "public"."Mensagem"."createdAt" ASC OFFSET $3
prisma:query SELECT "public"."User"."id", "public"."User"."nome" FROM "public"."User" WHERE ("public"."User"."role" = $1 AND "public"."User"."status" = $2) LIMIT $3 OFFSET $4
prisma:query SELECT "public"."PerfilPaciente"."id", "public"."PerfilPaciente"."userId", "public"."PerfilPaciente"."cpf", "public"."PerfilPaciente"."telefone", "public"."PerfilPaciente"."convenio", "public"."PerfilPaciente"."idade", "public"."PerfilPaciente"."genero", "public"."PerfilPaciente"."alergias", "public"."PerfilPaciente"."medicamentos", "public"."PerfilPaciente"."tipoSanguineo", "public"."PerfilPaciente"."peso", "public"."PerfilPaciente"."altura" FROM "public"."PerfilPaciente" WHERE ("public"."PerfilPaciente"."userId" = $1 AND 1=1) LIMIT $2 OFFSET $3
prisma:query SELECT "public"."User"."id", "public"."User"."nome", "public"."User"."email" FROM "public"."User" WHERE "public"."User"."id" IN ($1) OFFSET $2
prisma:query SELECT "public"."Sessao"."id", "public"."Sessao"."userId", "public"."Sessao"."expiresAt", "public"."Sessao"."createdAt" FROM "public"."Sessao" WHERE ("public"."Sessao"."id" = $1 AND 1=1) LIMIT $2 OFFSET $3
prisma:query SELECT "public"."User"."id", "public"."User"."nome", "public"."User"."email", "public"."User"."senhaHash", "public"."User"."role", "public"."User"."status", "public"."User"."createdAt", "public"."User"."updatedAt" FROM "public"."User" WHERE "public"."User"."id" IN ($1) OFFSET $2
prisma:query SELECT "public"."Mensagem"."id", "public"."Mensagem"."deId", "public"."Mensagem"."paraId", "public"."Mensagem"."texto", "public"."Mensagem"."lida", "public"."Mensagem"."createdAt" FROM "public"."Mensagem" WHERE ("public"."Mensagem"."deId" = $1 OR "public"."Mensagem"."paraId" = $2) ORDER BY "public"."Mensagem"."createdAt" ASC OFFSET $3
prisma:query SELECT 1
prisma:query SELECT "public"."Sessao"."id", "public"."Sessao"."userId", "public"."Sessao"."expiresAt", "public"."Sessao"."createdAt" FROM "public"."Sessao" WHERE ("public"."Sessao"."id" = $1 AND 1=1) LIMIT $2 OFFSET $3
prisma:query SELECT "public"."User"."id", "public"."User"."nome", "public"."User"."email", "public"."User"."senhaHash", "public"."User"."role", "public"."User"."status", "public"."User"."createdAt", "public"."User"."updatedAt" FROM "public"."User" WHERE "public"."User"."id" IN ($1) OFFSET $2
prisma:query SELECT "public"."Mensagem"."id", "public"."Mensagem"."deId", "public"."Mensagem"."paraId", "public"."Mensagem"."texto", "public"."Mensagem"."lida", "public"."Mensagem"."createdAt" FROM "public"."Mensagem" WHERE ("public"."Mensagem"."deId" = $1 OR "public"."Mensagem"."paraId" = $2) ORDER BY "public"."Mensagem"."createdAt" ASC OFFSET $3
prisma:query SELECT "public"."Sessao"."id", "public"."Sessao"."userId", "public"."Sessao"."expiresAt", "public"."Sessao"."createdAt" FROM "public"."Sessao" WHERE ("public"."Sessao"."id" = $1 AND 1=1) LIMIT $2 OFFSET $3
prisma:query SELECT "public"."User"."id", "public"."User"."nome", "public"."User"."email", "public"."User"."senhaHash", "public"."User"."role", "public"."User"."status", "public"."User"."createdAt", "public"."User"."updatedAt" FROM "public"."User" WHERE "public"."User"."id" IN ($1) OFFSET $2
prisma:query SELECT "public"."Mensagem"."id", "public"."Mensagem"."deId", "public"."Mensagem"."paraId", "public"."Mensagem"."texto", "public"."Mensagem"."lida", "public"."Mensagem"."createdAt" FROM "public"."Mensagem" WHERE ("public"."Mensagem"."deId" = $1 OR "public"."Mensagem"."paraId" = $2) ORDER BY "public"."Mensagem"."createdAt" ASC OFFSET $3
prisma:query SELECT "public"."Sessao"."id", "public"."Sessao"."userId", "public"."Sessao"."expiresAt", "public"."Sessao"."createdAt" FROM "public"."Sessao" WHERE ("public"."Sessao"."id" = $1 AND 1=1) LIMIT $2 OFFSET $3
prisma:query SELECT "public"."User"."id", "public"."User"."nome", "public"."User"."email", "public"."User"."senhaHash", "public"."User"."role", "public"."User"."status", "public"."User"."createdAt", "public"."User"."updatedAt" FROM "public"."User" WHERE "public"."User"."id" IN ($1) OFFSET $2
prisma:query SELECT "public"."Mensagem"."id", "public"."Mensagem"."deId", "public"."Mensagem"."paraId", "public"."Mensagem"."texto", "public"."Mensagem"."lida", "public"."Mensagem"."createdAt" FROM "public"."Mensagem" WHERE ("public"."Mensagem"."deId" = $1 OR "public"."Mensagem"."paraId" = $2) ORDER BY "public"."Mensagem"."createdAt" ASC OFFSET $3
prisma:query SELECT "public"."Sessao"."id", "public"."Sessao"."userId", "public"."Sessao"."expiresAt", "public"."Sessao"."createdAt" FROM "public"."Sessao" WHERE ("public"."Sessao"."id" = $1 AND 1=1) LIMIT $2 OFFSET $3
prisma:query SELECT "public"."User"."id", "public"."User"."nome", "public"."User"."email", "public"."User"."senhaHash", "public"."User"."role", "public"."User"."status", "public"."User"."createdAt", "public"."User"."updatedAt" FROM "public"."User" WHERE "public"."User"."id" IN ($1) OFFSET $2
prisma:query SELECT "public"."Mensagem"."id", "public"."Mensagem"."deId", "public"."Mensagem"."paraId", "public"."Mensagem"."texto", "public"."Mensagem"."lida", "public"."Mensagem"."createdAt" FROM "public"."Mensagem" WHERE ("public"."Mensagem"."deId" = $1 OR "public"."Mensagem"."paraId" = $2) ORDER BY "public"."Mensagem"."createdAt" ASC OFFSET $3
prisma:query SELECT 1
prisma:query SELECT "public"."Sessao"."id", "public"."Sessao"."userId", "public"."Sessao"."expiresAt", "public"."Sessao"."createdAt" FROM "public"."Sessao" WHERE ("public"."Sessao"."id" = $1 AND 1=1) LIMIT $2 OFFSET $3
prisma:query SELECT "public"."User"."id", "public"."User"."nome", "public"."User"."email", "public"."User"."senhaHash", "public"."User"."role", "public"."User"."status", "public"."User"."createdAt", "public"."User"."updatedAt" FROM "public"."User" WHERE "public"."User"."id" IN ($1) OFFSET $2
prisma:query SELECT "public"."Mensagem"."id", "public"."Mensagem"."deId", "public"."Mensagem"."paraId", "public"."Mensagem"."texto", "public"."Mensagem"."lida", "public"."Mensagem"."createdAt" FROM "public"."Mensagem" WHERE ("public"."Mensagem"."deId" = $1 OR "public"."Mensagem"."paraId" = $2) ORDER BY "public"."Mensagem"."createdAt" ASC OFFSET $3
prisma:query SELECT "public"."Sessao"."id", "public"."Sessao"."userId", "public"."Sessao"."expiresAt", "public"."Sessao"."createdAt" FROM "public"."Sessao" WHERE ("public"."Sessao"."id" = $1 AND 1=1) LIMIT $2 OFFSET $3
prisma:query SELECT "public"."User"."id", "public"."User"."nome", "public"."User"."email", "public"."User"."senhaHash", "public"."User"."role", "public"."User"."status", "public"."User"."createdAt", "public"."User"."updatedAt" FROM "public"."User" WHERE "public"."User"."id" IN ($1) OFFSET $2
prisma:query SELECT "public"."Mensagem"."id", "public"."Mensagem"."deId", "public"."Mensagem"."paraId", "public"."Mensagem"."texto", "public"."Mensagem"."lida", "public"."Mensagem"."createdAt" FROM "public"."Mensagem" WHERE ("public"."Mensagem"."deId" = $1 OR "public"."Mensagem"."paraId" = $2) ORDER BY "public"."Mensagem"."createdAt" ASC OFFSET $3
prisma:query SELECT "public"."Sessao"."id", "public"."Sessao"."userId", "public"."Sessao"."expiresAt", "public"."Sessao"."createdAt" FROM "public"."Sessao" WHERE ("public"."Sessao"."id" = $1 AND 1=1) LIMIT $2 OFFSET $3
prisma:query SELECT "public"."User"."id", "public"."User"."nome", "public"."User"."email", "public"."User"."senhaHash", "public"."User"."role", "public"."User"."status", "public"."User"."createdAt", "public"."User"."updatedAt" FROM "public"."User" WHERE "public"."User"."id" IN ($1) OFFSET $2
prisma:query SELECT "public"."Mensagem"."id", "public"."Mensagem"."deId", "public"."Mensagem"."paraId", "public"."Mensagem"."texto", "public"."Mensagem"."lida", "public"."Mensagem"."createdAt" FROM "public"."Mensagem" WHERE ("public"."Mensagem"."deId" = $1 OR "public"."Mensagem"."paraId" = $2) ORDER BY "public"."Mensagem"."createdAt" ASC OFFSET $3
prisma:query SELECT "public"."Sessao"."id", "public"."Sessao"."userId", "public"."Sessao"."expiresAt", "public"."Sessao"."createdAt" FROM "public"."Sessao" WHERE ("public"."Sessao"."id" = $1 AND 1=1) LIMIT $2 OFFSET $3
prisma:query SELECT "public"."User"."id", "public"."User"."nome", "public"."User"."email", "public"."User"."senhaHash", "public"."User"."role", "public"."User"."status", "public"."User"."createdAt", "public"."User"."updatedAt" FROM "public"."User" WHERE "public"."User"."id" IN ($1) OFFSET $2
prisma:query INSERT INTO "public"."AuditLog" ("id","acao","categoria","severidade","usuarioId","usuarioNome","role","detalhes","createdAt") VALUES ($1,$2,$3,$4,$5,$6,$7,$8,$9) RETURNING "public"."AuditLog"."id", "public"."AuditLog"."acao", "public"."AuditLog"."categoria", "public"."AuditLog"."severidade", "public"."AuditLog"."usuarioId", "public"."AuditLog"."usuarioNome", "public"."AuditLog"."role", "public"."AuditLog"."entidade", "public"."AuditLog"."entidadeId", "public"."AuditLog"."detalhes", "public"."AuditLog"."createdAt"
prisma:query DELETE FROM "public"."Sessao" WHERE "public"."Sessao"."id" = $1
prisma:query SELECT "public"."User"."id", "public"."User"."nome", "public"."User"."email", "public"."User"."senhaHash", "public"."User"."role", "public"."User"."status", "public"."User"."createdAt", "public"."User"."updatedAt" FROM "public"."User" WHERE "public"."User"."email" = $1 LIMIT $2 OFFSET $3
prisma:query SELECT 1
prisma:query INSERT INTO "public"."Sessao" ("id","userId","expiresAt","createdAt") VALUES ($1,$2,$3,$4) RETURNING "public"."Sessao"."id", "public"."Sessao"."userId", "public"."Sessao"."expiresAt", "public"."Sessao"."createdAt"
prisma:query INSERT INTO "public"."AuditLog" ("id","acao","categoria","severidade","usuarioId","usuarioNome","role","detalhes","createdAt") VALUES ($1,$2,$3,$4,$5,$6,$7,$8,$9) RETURNING "public"."AuditLog"."id", "public"."AuditLog"."acao", "public"."AuditLog"."categoria", "public"."AuditLog"."severidade", "public"."AuditLog"."usuarioId", "public"."AuditLog"."usuarioNome", "public"."AuditLog"."role", "public"."AuditLog"."entidade", "public"."AuditLog"."entidadeId", "public"."AuditLog"."detalhes", "public"."AuditLog"."createdAt"
prisma:query SELECT 1
prisma:query SELECT 1
prisma:query SELECT "public"."Consulta"."id", "public"."Consulta"."pacienteId", "public"."Consulta"."medicoId", "public"."Consulta"."especialidade", "public"."Consulta"."dataInicio", "public"."Consulta"."status", "public"."Consulta"."motivoConsulta", "public"."Consulta"."motivoCancelamento", "public"."Consulta"."resumoMedico", "public"."Consulta"."valor", "public"."Consulta"."pago", "public"."Consulta"."remarcada", "public"."Consulta"."createdAt", "public"."Consulta"."updatedAt" FROM "public"."Consulta" WHERE "public"."Consulta"."pacienteId" = $1 ORDER BY "public"."Consulta"."dataInicio" ASC OFFSET $2
prisma:query SELECT "public"."PerfilMedico"."id", "public"."PerfilMedico"."userId", "public"."PerfilMedico"."crm", "public"."PerfilMedico"."especialidade", "public"."PerfilMedico"."subespecialidades", "public"."PerfilMedico"."valor", "public"."PerfilMedico"."avaliacao", "public"."PerfilMedico"."numAvaliacoes", "public"."PerfilMedico"."formacao", "public"."PerfilMedico"."experiencia", "public"."PerfilMedico"."idiomas", "public"."PerfilMedico"."bio", "public"."PerfilMedico"."foto", "public"."PerfilMedico"."status", "public"."PerfilMedico"."horariosDisponiveis" FROM "public"."PerfilMedico" WHERE 1=1 OFFSET $1
prisma:query SELECT "public"."User"."id", "public"."User"."nome", "public"."User"."email", "public"."User"."senhaHash", "public"."User"."role", "public"."User"."status", "public"."User"."createdAt", "public"."User"."updatedAt" FROM "public"."User" WHERE "public"."User"."role" = $1 ORDER BY "public"."User"."createdAt" DESC OFFSET $2
prisma:query SELECT "public"."User"."id", "public"."User"."nome" FROM "public"."User" WHERE "public"."User"."id" IN ($1,$2) OFFSET $3
prisma:query SELECT "public"."User"."id", "public"."User"."nome" FROM "public"."User" WHERE "public"."User"."id" IN ($1,$2,$3,$4,$5,$6) OFFSET $7
prisma:query SELECT "public"."PerfilPaciente"."id", "public"."PerfilPaciente"."userId", "public"."PerfilPaciente"."cpf", "public"."PerfilPaciente"."telefone", "public"."PerfilPaciente"."convenio", "public"."PerfilPaciente"."idade", "public"."PerfilPaciente"."genero", "public"."PerfilPaciente"."alergias", "public"."PerfilPaciente"."medicamentos", "public"."PerfilPaciente"."tipoSanguineo", "public"."PerfilPaciente"."peso", "public"."PerfilPaciente"."altura" FROM "public"."PerfilPaciente" WHERE "public"."PerfilPaciente"."userId" IN ($1,$2,$3,$4) OFFSET $5
prisma:query SELECT "public"."User"."id", "public"."User"."nome" FROM "public"."User" WHERE "public"."User"."id" IN ($1) OFFSET $2
prisma:query SELECT "public"."Documento"."id", "public"."Documento"."tipo", "public"."Documento"."titulo", "public"."Documento"."conteudo", "public"."Documento"."medicoId", "public"."Documento"."pacienteId", "public"."Documento"."medicamento", "public"."Documento"."posologia", "public"."Documento"."duracao", "public"."Documento"."observacoes", "public"."Documento"."cid", "public"."Documento"."createdAt" FROM "public"."Documento" WHERE "public"."Documento"."pacienteId" = $1 ORDER BY "public"."Documento"."createdAt" DESC OFFSET $2
prisma:query SELECT "public"."User"."id", "public"."User"."nome" FROM "public"."User" WHERE "public"."User"."id" IN ($1) OFFSET $2
prisma:query SELECT "public"."User"."id", "public"."User"."nome" FROM "public"."User" WHERE "public"."User"."id" IN ($1) OFFSET $2
prisma:query SELECT "public"."Consulta"."id", "public"."Consulta"."medicoId" FROM "public"."Consulta" WHERE "public"."Consulta"."pacienteId" = $1 OFFSET $2
prisma:query SELECT "public"."Arquivo"."id", "public"."Arquivo"."nome", "public"."Arquivo"."tipo", "public"."Arquivo"."tamanhoKb", "public"."Arquivo"."enviadoPor", "public"."Arquivo"."usuarioId", "public"."Arquivo"."consulta", "public"."Arquivo"."createdAt" FROM "public"."Arquivo" WHERE ("public"."Arquivo"."usuarioId" = $1 OR "public"."Arquivo"."usuarioId" IN ($2,$3)) ORDER BY "public"."Arquivo"."createdAt" DESC OFFSET $4
prisma:query SELECT "public"."Notificacao"."id", "public"."Notificacao"."usuarioId", "public"."Notificacao"."paraRole", "public"."Notificacao"."tipo", "public"."Notificacao"."titulo", "public"."Notificacao"."texto", "public"."Notificacao"."lida", "public"."Notificacao"."createdAt" FROM "public"."Notificacao" WHERE ("public"."Notificacao"."usuarioId" = $1 OR "public"."Notificacao"."paraRole" = $2 OR ("public"."Notificacao"."usuarioId" IS NULL AND "public"."Notificacao"."paraRole" IS NULL)) ORDER BY "public"."Notificacao"."createdAt" DESC OFFSET $3
prisma:query SELECT "public"."Avaliacao"."id", "public"."Avaliacao"."consultaId", "public"."Avaliacao"."pacienteId", "public"."Avaliacao"."medicoId", "public"."Avaliacao"."nota", "public"."Avaliacao"."comentario", "public"."Avaliacao"."pontualidade", "public"."Avaliacao"."atencao", "public"."Avaliacao"."clareza", "public"."Avaliacao"."createdAt" FROM "public"."Avaliacao" WHERE "public"."Avaliacao"."pacienteId" = $1 ORDER BY "public"."Avaliacao"."createdAt" DESC OFFSET $2
prisma:query SELECT "public"."User"."id", "public"."User"."nome" FROM "public"."User" WHERE "public"."User"."id" IN ($1) OFFSET $2
prisma:query SELECT "public"."User"."id", "public"."User"."nome" FROM "public"."User" WHERE "public"."User"."id" IN ($1) OFFSET $2
prisma:query SELECT "public"."PerfilMedico"."id", "public"."PerfilMedico"."especialidade", "public"."PerfilMedico"."userId" FROM "public"."PerfilMedico" WHERE "public"."PerfilMedico"."userId" IN ($1) OFFSET $2
prisma:query SELECT "public"."Ticket"."id", "public"."Ticket"."usuarioId", "public"."Ticket"."perfil", "public"."Ticket"."assunto", "public"."Ticket"."categoria", "public"."Ticket"."mensagem", "public"."Ticket"."status", "public"."Ticket"."resposta", "public"."Ticket"."respondidoPor", "public"."Ticket"."dataResposta", "public"."Ticket"."createdAt" FROM "public"."Ticket" WHERE "public"."Ticket"."usuarioId" = $1 ORDER BY "public"."Ticket"."createdAt" DESC OFFSET $2
prisma:query SELECT "public"."User"."id", "public"."User"."nome" FROM "public"."User" WHERE "public"."User"."id" IN ($1) OFFSET $2
prisma:query SELECT "public"."Lembrete"."id", "public"."Lembrete"."usuarioId", "public"."Lembrete"."titulo", "public"."Lembrete"."horario", "public"."Lembrete"."tipo", "public"."Lembrete"."frequencia", "public"."Lembrete"."feito", "public"."Lembrete"."medicamento" FROM "public"."Lembrete" WHERE "public"."Lembrete"."usuarioId" = $1 ORDER BY "public"."Lembrete"."horario" ASC OFFSET $2
prisma:query SELECT "public"."Consentimento"."id", "public"."Consentimento"."pacienteId", "public"."Consentimento"."quem", "public"."Consentimento"."perfil", "public"."Consentimento"."finalidade", "public"."Consentimento"."documentos", "public"."Consentimento"."aceito", "public"."Consentimento"."createdAt" FROM "public"."Consentimento" WHERE ("public"."Consentimento"."pacienteId" = $1 OR "public"."Consentimento"."quem" = $2) ORDER BY "public"."Consentimento"."createdAt" DESC OFFSET $3
prisma:query SELECT "public"."Mensagem"."id", "public"."Mensagem"."deId", "public"."Mensagem"."paraId", "public"."Mensagem"."texto", "public"."Mensagem"."lida", "public"."Mensagem"."createdAt" FROM "public"."Mensagem" WHERE ("public"."Mensagem"."deId" = $1 OR "public"."Mensagem"."paraId" = $2) ORDER BY "public"."Mensagem"."createdAt" ASC OFFSET $3
prisma:query SELECT "public"."User"."id", "public"."User"."nome" FROM "public"."User" WHERE ("public"."User"."role" = $1 AND "public"."User"."status" = $2) LIMIT $3 OFFSET $4
prisma:query SELECT "public"."PerfilPaciente"."id", "public"."PerfilPaciente"."userId", "public"."PerfilPaciente"."cpf", "public"."PerfilPaciente"."telefone", "public"."PerfilPaciente"."convenio", "public"."PerfilPaciente"."idade", "public"."PerfilPaciente"."genero", "public"."PerfilPaciente"."alergias", "public"."PerfilPaciente"."medicamentos", "public"."PerfilPaciente"."tipoSanguineo", "public"."PerfilPaciente"."peso", "public"."PerfilPaciente"."altura" FROM "public"."PerfilPaciente" WHERE ("public"."PerfilPaciente"."userId" = $1 AND 1=1) LIMIT $2 OFFSET $3
prisma:query SELECT "public"."User"."id", "public"."User"."nome", "public"."User"."email" FROM "public"."User" WHERE "public"."User"."id" IN ($1) OFFSET $2
prisma:query SELECT "public"."Sessao"."id", "public"."Sessao"."userId", "public"."Sessao"."expiresAt", "public"."Sessao"."createdAt" FROM "public"."Sessao" WHERE ("public"."Sessao"."id" = $1 AND 1=1) LIMIT $2 OFFSET $3
prisma:query SELECT "public"."User"."id", "public"."User"."nome", "public"."User"."email", "public"."User"."senhaHash", "public"."User"."role", "public"."User"."status", "public"."User"."createdAt", "public"."User"."updatedAt" FROM "public"."User" WHERE "public"."User"."id" IN ($1) OFFSET $2
prisma:query SELECT "public"."Mensagem"."id", "public"."Mensagem"."deId", "public"."Mensagem"."paraId", "public"."Mensagem"."texto", "public"."Mensagem"."lida", "public"."Mensagem"."createdAt" FROM "public"."Mensagem" WHERE ("public"."Mensagem"."deId" = $1 OR "public"."Mensagem"."paraId" = $2) ORDER BY "public"."Mensagem"."createdAt" ASC OFFSET $3
prisma:query SELECT 1
prisma:query SELECT "public"."Sessao"."id", "public"."Sessao"."userId", "public"."Sessao"."expiresAt", "public"."Sessao"."createdAt" FROM "public"."Sessao" WHERE ("public"."Sessao"."id" = $1 AND 1=1) LIMIT $2 OFFSET $3
prisma:query SELECT 1
prisma:query SELECT "public"."User"."id", "public"."User"."nome", "public"."User"."email", "public"."User"."senhaHash", "public"."User"."role", "public"."User"."status", "public"."User"."createdAt", "public"."User"."updatedAt" FROM "public"."User" WHERE "public"."User"."id" IN ($1) OFFSET $2
prisma:query SELECT "public"."Sessao"."id", "public"."Sessao"."userId", "public"."Sessao"."expiresAt", "public"."Sessao"."createdAt" FROM "public"."Sessao" WHERE ("public"."Sessao"."id" = $1 AND 1=1) LIMIT $2 OFFSET $3
prisma:query SELECT "public"."Mensagem"."id", "public"."Mensagem"."deId", "public"."Mensagem"."paraId", "public"."Mensagem"."texto", "public"."Mensagem"."lida", "public"."Mensagem"."createdAt" FROM "public"."Mensagem" WHERE ("public"."Mensagem"."deId" = $1 OR "public"."Mensagem"."paraId" = $2) ORDER BY "public"."Mensagem"."createdAt" ASC OFFSET $3
prisma:query SELECT "public"."User"."id", "public"."User"."nome", "public"."User"."email", "public"."User"."senhaHash", "public"."User"."role", "public"."User"."status", "public"."User"."createdAt", "public"."User"."updatedAt" FROM "public"."User" WHERE "public"."User"."id" IN ($1) OFFSET $2
prisma:query SELECT "public"."Sessao"."id", "public"."Sessao"."userId", "public"."Sessao"."expiresAt", "public"."Sessao"."createdAt" FROM "public"."Sessao" WHERE ("public"."Sessao"."id" = $1 AND 1=1) LIMIT $2 OFFSET $3
prisma:query SELECT "public"."User"."id", "public"."User"."nome", "public"."User"."email", "public"."User"."senhaHash", "public"."User"."role", "public"."User"."status", "public"."User"."createdAt", "public"."User"."updatedAt" FROM "public"."User" WHERE "public"."User"."id" IN ($1) OFFSET $2
prisma:query SELECT 1
prisma:query SELECT "public"."Consulta"."id", "public"."Consulta"."pacienteId", "public"."Consulta"."medicoId", "public"."Consulta"."especialidade", "public"."Consulta"."dataInicio", "public"."Consulta"."status", "public"."Consulta"."motivoConsulta", "public"."Consulta"."motivoCancelamento", "public"."Consulta"."resumoMedico", "public"."Consulta"."valor", "public"."Consulta"."pago", "public"."Consulta"."remarcada", "public"."Consulta"."createdAt", "public"."Consulta"."updatedAt" FROM "public"."Consulta" WHERE "public"."Consulta"."pacienteId" = $1 ORDER BY "public"."Consulta"."dataInicio" ASC OFFSET $2
prisma:query SELECT "public"."User"."id", "public"."User"."nome", "public"."User"."email", "public"."User"."senhaHash", "public"."User"."role", "public"."User"."status", "public"."User"."createdAt", "public"."User"."updatedAt" FROM "public"."User" WHERE "public"."User"."role" = $1 ORDER BY "public"."User"."createdAt" DESC OFFSET $2
prisma:query SELECT "public"."User"."id", "public"."User"."nome" FROM "public"."User" WHERE "public"."User"."id" IN ($1,$2) OFFSET $3
prisma:query SELECT "public"."PerfilMedico"."id", "public"."PerfilMedico"."userId", "public"."PerfilMedico"."crm", "public"."PerfilMedico"."especialidade", "public"."PerfilMedico"."subespecialidades", "public"."PerfilMedico"."valor", "public"."PerfilMedico"."avaliacao", "public"."PerfilMedico"."numAvaliacoes", "public"."PerfilMedico"."formacao", "public"."PerfilMedico"."experiencia", "public"."PerfilMedico"."idiomas", "public"."PerfilMedico"."bio", "public"."PerfilMedico"."foto", "public"."PerfilMedico"."status", "public"."PerfilMedico"."horariosDisponiveis" FROM "public"."PerfilMedico" WHERE 1=1 OFFSET $1
prisma:query SELECT "public"."PerfilPaciente"."id", "public"."PerfilPaciente"."userId", "public"."PerfilPaciente"."cpf", "public"."PerfilPaciente"."telefone", "public"."PerfilPaciente"."convenio", "public"."PerfilPaciente"."idade", "public"."PerfilPaciente"."genero", "public"."PerfilPaciente"."alergias", "public"."PerfilPaciente"."medicamentos", "public"."PerfilPaciente"."tipoSanguineo", "public"."PerfilPaciente"."peso", "public"."PerfilPaciente"."altura" FROM "public"."PerfilPaciente" WHERE "public"."PerfilPaciente"."userId" IN ($1,$2,$3,$4) OFFSET $5
prisma:query SELECT "public"."User"."id", "public"."User"."nome" FROM "public"."User" WHERE "public"."User"."id" IN ($1,$2,$3,$4,$5,$6) OFFSET $7
prisma:query SELECT "public"."User"."id", "public"."User"."nome" FROM "public"."User" WHERE "public"."User"."id" IN ($1) OFFSET $2
prisma:query SELECT "public"."Documento"."id", "public"."Documento"."tipo", "public"."Documento"."titulo", "public"."Documento"."conteudo", "public"."Documento"."medicoId", "public"."Documento"."pacienteId", "public"."Documento"."medicamento", "public"."Documento"."posologia", "public"."Documento"."duracao", "public"."Documento"."observacoes", "public"."Documento"."cid", "public"."Documento"."createdAt" FROM "public"."Documento" WHERE "public"."Documento"."pacienteId" = $1 ORDER BY "public"."Documento"."createdAt" DESC OFFSET $2
prisma:query SELECT "public"."User"."id", "public"."User"."nome" FROM "public"."User" WHERE "public"."User"."id" IN ($1) OFFSET $2
prisma:query SELECT "public"."User"."id", "public"."User"."nome" FROM "public"."User" WHERE "public"."User"."id" IN ($1) OFFSET $2
prisma:query SELECT "public"."Consulta"."id", "public"."Consulta"."medicoId" FROM "public"."Consulta" WHERE "public"."Consulta"."pacienteId" = $1 OFFSET $2
prisma:query SELECT "public"."Arquivo"."id", "public"."Arquivo"."nome", "public"."Arquivo"."tipo", "public"."Arquivo"."tamanhoKb", "public"."Arquivo"."enviadoPor", "public"."Arquivo"."usuarioId", "public"."Arquivo"."consulta", "public"."Arquivo"."createdAt" FROM "public"."Arquivo" WHERE ("public"."Arquivo"."usuarioId" = $1 OR "public"."Arquivo"."usuarioId" IN ($2,$3)) ORDER BY "public"."Arquivo"."createdAt" DESC OFFSET $4
prisma:query SELECT "public"."Notificacao"."id", "public"."Notificacao"."usuarioId", "public"."Notificacao"."paraRole", "public"."Notificacao"."tipo", "public"."Notificacao"."titulo", "public"."Notificacao"."texto", "public"."Notificacao"."lida", "public"."Notificacao"."createdAt" FROM "public"."Notificacao" WHERE ("public"."Notificacao"."usuarioId" = $1 OR "public"."Notificacao"."paraRole" = $2 OR ("public"."Notificacao"."usuarioId" IS NULL AND "public"."Notificacao"."paraRole" IS NULL)) ORDER BY "public"."Notificacao"."createdAt" DESC OFFSET $3
prisma:query SELECT "public"."Avaliacao"."id", "public"."Avaliacao"."consultaId", "public"."Avaliacao"."pacienteId", "public"."Avaliacao"."medicoId", "public"."Avaliacao"."nota", "public"."Avaliacao"."comentario", "public"."Avaliacao"."pontualidade", "public"."Avaliacao"."atencao", "public"."Avaliacao"."clareza", "public"."Avaliacao"."createdAt" FROM "public"."Avaliacao" WHERE "public"."Avaliacao"."pacienteId" = $1 ORDER BY "public"."Avaliacao"."createdAt" DESC OFFSET $2
prisma:query SELECT "public"."User"."id", "public"."User"."nome" FROM "public"."User" WHERE "public"."User"."id" IN ($1) OFFSET $2
prisma:query SELECT "public"."User"."id", "public"."User"."nome" FROM "public"."User" WHERE "public"."User"."id" IN ($1) OFFSET $2
prisma:query SELECT "public"."PerfilMedico"."id", "public"."PerfilMedico"."especialidade", "public"."PerfilMedico"."userId" FROM "public"."PerfilMedico" WHERE "public"."PerfilMedico"."userId" IN ($1) OFFSET $2
prisma:query SELECT "public"."Ticket"."id", "public"."Ticket"."usuarioId", "public"."Ticket"."perfil", "public"."Ticket"."assunto", "public"."Ticket"."categoria", "public"."Ticket"."mensagem", "public"."Ticket"."status", "public"."Ticket"."resposta", "public"."Ticket"."respondidoPor", "public"."Ticket"."dataResposta", "public"."Ticket"."createdAt" FROM "public"."Ticket" WHERE "public"."Ticket"."usuarioId" = $1 ORDER BY "public"."Ticket"."createdAt" DESC OFFSET $2
prisma:query SELECT "public"."User"."id", "public"."User"."nome" FROM "public"."User" WHERE "public"."User"."id" IN ($1) OFFSET $2
prisma:query SELECT "public"."Lembrete"."id", "public"."Lembrete"."usuarioId", "public"."Lembrete"."titulo", "public"."Lembrete"."horario", "public"."Lembrete"."tipo", "public"."Lembrete"."frequencia", "public"."Lembrete"."feito", "public"."Lembrete"."medicamento" FROM "public"."Lembrete" WHERE "public"."Lembrete"."usuarioId" = $1 ORDER BY "public"."Lembrete"."horario" ASC OFFSET $2
prisma:query SELECT "public"."Consentimento"."id", "public"."Consentimento"."pacienteId", "public"."Consentimento"."quem", "public"."Consentimento"."perfil", "public"."Consentimento"."finalidade", "public"."Consentimento"."documentos", "public"."Consentimento"."aceito", "public"."Consentimento"."createdAt" FROM "public"."Consentimento" WHERE ("public"."Consentimento"."pacienteId" = $1 OR "public"."Consentimento"."quem" = $2) ORDER BY "public"."Consentimento"."createdAt" DESC OFFSET $3
prisma:query SELECT "public"."Mensagem"."id", "public"."Mensagem"."deId", "public"."Mensagem"."paraId", "public"."Mensagem"."texto", "public"."Mensagem"."lida", "public"."Mensagem"."createdAt" FROM "public"."Mensagem" WHERE ("public"."Mensagem"."deId" = $1 OR "public"."Mensagem"."paraId" = $2) ORDER BY "public"."Mensagem"."createdAt" ASC OFFSET $3
prisma:query SELECT "public"."User"."id", "public"."User"."nome" FROM "public"."User" WHERE ("public"."User"."role" = $1 AND "public"."User"."status" = $2) LIMIT $3 OFFSET $4
prisma:query SELECT "public"."PerfilPaciente"."id", "public"."PerfilPaciente"."userId", "public"."PerfilPaciente"."cpf", "public"."PerfilPaciente"."telefone", "public"."PerfilPaciente"."convenio", "public"."PerfilPaciente"."idade", "public"."PerfilPaciente"."genero", "public"."PerfilPaciente"."alergias", "public"."PerfilPaciente"."medicamentos", "public"."PerfilPaciente"."tipoSanguineo", "public"."PerfilPaciente"."peso", "public"."PerfilPaciente"."altura" FROM "public"."PerfilPaciente" WHERE ("public"."PerfilPaciente"."userId" = $1 AND 1=1) LIMIT $2 OFFSET $3
prisma:query SELECT "public"."User"."id", "public"."User"."nome", "public"."User"."email" FROM "public"."User" WHERE "public"."User"."id" IN ($1) OFFSET $2
prisma:query SELECT "public"."Sessao"."id", "public"."Sessao"."userId", "public"."Sessao"."expiresAt", "public"."Sessao"."createdAt" FROM "public"."Sessao" WHERE ("public"."Sessao"."id" = $1 AND 1=1) LIMIT $2 OFFSET $3
prisma:query SELECT "public"."User"."id", "public"."User"."nome", "public"."User"."email", "public"."User"."senhaHash", "public"."User"."role", "public"."User"."status", "public"."User"."createdAt", "public"."User"."updatedAt" FROM "public"."User" WHERE "public"."User"."id" IN ($1) OFFSET $2
prisma:query SELECT "public"."Mensagem"."id", "public"."Mensagem"."deId", "public"."Mensagem"."paraId", "public"."Mensagem"."texto", "public"."Mensagem"."lida", "public"."Mensagem"."createdAt" FROM "public"."Mensagem" WHERE ("public"."Mensagem"."deId" = $1 OR "public"."Mensagem"."paraId" = $2) ORDER BY "public"."Mensagem"."createdAt" ASC OFFSET $3
prisma:query SELECT 1
prisma:query SELECT "public"."Sessao"."id", "public"."Sessao"."userId", "public"."Sessao"."expiresAt", "public"."Sessao"."createdAt" FROM "public"."Sessao" WHERE ("public"."Sessao"."id" = $1 AND 1=1) LIMIT $2 OFFSET $3
prisma:query SELECT "public"."User"."id", "public"."User"."nome", "public"."User"."email", "public"."User"."senhaHash", "public"."User"."role", "public"."User"."status", "public"."User"."createdAt", "public"."User"."updatedAt" FROM "public"."User" WHERE "public"."User"."id" IN ($1) OFFSET $2
prisma:query SELECT "public"."Mensagem"."id", "public"."Mensagem"."deId", "public"."Mensagem"."paraId", "public"."Mensagem"."texto", "public"."Mensagem"."lida", "public"."Mensagem"."createdAt" FROM "public"."Mensagem" WHERE ("public"."Mensagem"."deId" = $1 OR "public"."Mensagem"."paraId" = $2) ORDER BY "public"."Mensagem"."createdAt" ASC OFFSET $3
prisma:query SELECT "public"."Sessao"."id", "public"."Sessao"."userId", "public"."Sessao"."expiresAt", "public"."Sessao"."createdAt" FROM "public"."Sessao" WHERE ("public"."Sessao"."id" = $1 AND 1=1) LIMIT $2 OFFSET $3
prisma:query SELECT "public"."User"."id", "public"."User"."nome", "public"."User"."email", "public"."User"."senhaHash", "public"."User"."role", "public"."User"."status", "public"."User"."createdAt", "public"."User"."updatedAt" FROM "public"."User" WHERE "public"."User"."id" IN ($1) OFFSET $2
prisma:query SELECT "public"."Mensagem"."id", "public"."Mensagem"."deId", "public"."Mensagem"."paraId", "public"."Mensagem"."texto", "public"."Mensagem"."lida", "public"."Mensagem"."createdAt" FROM "public"."Mensagem" WHERE ("public"."Mensagem"."deId" = $1 OR "public"."Mensagem"."paraId" = $2) ORDER BY "public"."Mensagem"."createdAt" ASC OFFSET $3
prisma:query SELECT "public"."Sessao"."id", "public"."Sessao"."userId", "public"."Sessao"."expiresAt", "public"."Sessao"."createdAt" FROM "public"."Sessao" WHERE ("public"."Sessao"."id" = $1 AND 1=1) LIMIT $2 OFFSET $3
prisma:query SELECT "public"."User"."id", "public"."User"."nome", "public"."User"."email", "public"."User"."senhaHash", "public"."User"."role", "public"."User"."status", "public"."User"."createdAt", "public"."User"."updatedAt" FROM "public"."User" WHERE "public"."User"."id" IN ($1) OFFSET $2
prisma:query SELECT "public"."Sessao"."id", "public"."Sessao"."userId", "public"."Sessao"."expiresAt", "public"."Sessao"."createdAt" FROM "public"."Sessao" WHERE ("public"."Sessao"."id" = $1 AND 1=1) LIMIT $2 OFFSET $3
prisma:query SELECT "public"."User"."id", "public"."User"."nome", "public"."User"."email", "public"."User"."senhaHash", "public"."User"."role", "public"."User"."status", "public"."User"."createdAt", "public"."User"."updatedAt" FROM "public"."User" WHERE "public"."User"."id" IN ($1) OFFSET $2
prisma:query SELECT "public"."Consulta"."id", "public"."Consulta"."pacienteId", "public"."Consulta"."medicoId", "public"."Consulta"."especialidade", "public"."Consulta"."dataInicio", "public"."Consulta"."status", "public"."Consulta"."motivoConsulta", "public"."Consulta"."motivoCancelamento", "public"."Consulta"."resumoMedico", "public"."Consulta"."valor", "public"."Consulta"."pago", "public"."Consulta"."remarcada", "public"."Consulta"."createdAt", "public"."Consulta"."updatedAt" FROM "public"."Consulta" WHERE "public"."Consulta"."pacienteId" = $1 ORDER BY "public"."Consulta"."dataInicio" ASC OFFSET $2
prisma:query SELECT "public"."User"."id", "public"."User"."nome" FROM "public"."User" WHERE "public"."User"."id" IN ($1,$2) OFFSET $3
prisma:query SELECT "public"."User"."id", "public"."User"."nome" FROM "public"."User" WHERE "public"."User"."id" IN ($1) OFFSET $2
prisma:query SELECT "public"."PerfilMedico"."id", "public"."PerfilMedico"."userId", "public"."PerfilMedico"."crm", "public"."PerfilMedico"."especialidade", "public"."PerfilMedico"."subespecialidades", "public"."PerfilMedico"."valor", "public"."PerfilMedico"."avaliacao", "public"."PerfilMedico"."numAvaliacoes", "public"."PerfilMedico"."formacao", "public"."PerfilMedico"."experiencia", "public"."PerfilMedico"."idiomas", "public"."PerfilMedico"."bio", "public"."PerfilMedico"."foto", "public"."PerfilMedico"."status", "public"."PerfilMedico"."horariosDisponiveis" FROM "public"."PerfilMedico" WHERE 1=1 OFFSET $1
prisma:query SELECT "public"."User"."id", "public"."User"."nome", "public"."User"."email", "public"."User"."senhaHash", "public"."User"."role", "public"."User"."status", "public"."User"."createdAt", "public"."User"."updatedAt" FROM "public"."User" WHERE "public"."User"."role" = $1 ORDER BY "public"."User"."createdAt" DESC OFFSET $2
prisma:query SELECT "public"."User"."id", "public"."User"."nome" FROM "public"."User" WHERE "public"."User"."id" IN ($1,$2,$3,$4,$5,$6) OFFSET $7
prisma:query SELECT "public"."PerfilPaciente"."id", "public"."PerfilPaciente"."userId", "public"."PerfilPaciente"."cpf", "public"."PerfilPaciente"."telefone", "public"."PerfilPaciente"."convenio", "public"."PerfilPaciente"."idade", "public"."PerfilPaciente"."genero", "public"."PerfilPaciente"."alergias", "public"."PerfilPaciente"."medicamentos", "public"."PerfilPaciente"."tipoSanguineo", "public"."PerfilPaciente"."peso", "public"."PerfilPaciente"."altura" FROM "public"."PerfilPaciente" WHERE "public"."PerfilPaciente"."userId" IN ($1,$2,$3,$4) OFFSET $5
prisma:query SELECT "public"."Documento"."id", "public"."Documento"."tipo", "public"."Documento"."titulo", "public"."Documento"."conteudo", "public"."Documento"."medicoId", "public"."Documento"."pacienteId", "public"."Documento"."medicamento", "public"."Documento"."posologia", "public"."Documento"."duracao", "public"."Documento"."observacoes", "public"."Documento"."cid", "public"."Documento"."createdAt" FROM "public"."Documento" WHERE "public"."Documento"."pacienteId" = $1 ORDER BY "public"."Documento"."createdAt" DESC OFFSET $2
prisma:query SELECT "public"."User"."id", "public"."User"."nome" FROM "public"."User" WHERE "public"."User"."id" IN ($1) OFFSET $2
prisma:query SELECT "public"."User"."id", "public"."User"."nome" FROM "public"."User" WHERE "public"."User"."id" IN ($1) OFFSET $2
prisma:query SELECT "public"."Consulta"."id", "public"."Consulta"."medicoId" FROM "public"."Consulta" WHERE "public"."Consulta"."pacienteId" = $1 OFFSET $2
prisma:query SELECT "public"."Arquivo"."id", "public"."Arquivo"."nome", "public"."Arquivo"."tipo", "public"."Arquivo"."tamanhoKb", "public"."Arquivo"."enviadoPor", "public"."Arquivo"."usuarioId", "public"."Arquivo"."consulta", "public"."Arquivo"."createdAt" FROM "public"."Arquivo" WHERE ("public"."Arquivo"."usuarioId" = $1 OR "public"."Arquivo"."usuarioId" IN ($2,$3)) ORDER BY "public"."Arquivo"."createdAt" DESC OFFSET $4
prisma:query SELECT "public"."Notificacao"."id", "public"."Notificacao"."usuarioId", "public"."Notificacao"."paraRole", "public"."Notificacao"."tipo", "public"."Notificacao"."titulo", "public"."Notificacao"."texto", "public"."Notificacao"."lida", "public"."Notificacao"."createdAt" FROM "public"."Notificacao" WHERE ("public"."Notificacao"."usuarioId" = $1 OR "public"."Notificacao"."paraRole" = $2 OR ("public"."Notificacao"."usuarioId" IS NULL AND "public"."Notificacao"."paraRole" IS NULL)) ORDER BY "public"."Notificacao"."createdAt" DESC OFFSET $3
prisma:query SELECT "public"."Avaliacao"."id", "public"."Avaliacao"."consultaId", "public"."Avaliacao"."pacienteId", "public"."Avaliacao"."medicoId", "public"."Avaliacao"."nota", "public"."Avaliacao"."comentario", "public"."Avaliacao"."pontualidade", "public"."Avaliacao"."atencao", "public"."Avaliacao"."clareza", "public"."Avaliacao"."createdAt" FROM "public"."Avaliacao" WHERE "public"."Avaliacao"."pacienteId" = $1 ORDER BY "public"."Avaliacao"."createdAt" DESC OFFSET $2
prisma:query SELECT "public"."User"."id", "public"."User"."nome" FROM "public"."User" WHERE "public"."User"."id" IN ($1) OFFSET $2
prisma:query SELECT "public"."User"."id", "public"."User"."nome" FROM "public"."User" WHERE "public"."User"."id" IN ($1) OFFSET $2
prisma:query SELECT "public"."PerfilMedico"."id", "public"."PerfilMedico"."especialidade", "public"."PerfilMedico"."userId" FROM "public"."PerfilMedico" WHERE "public"."PerfilMedico"."userId" IN ($1) OFFSET $2
prisma:query SELECT "public"."Ticket"."id", "public"."Ticket"."usuarioId", "public"."Ticket"."perfil", "public"."Ticket"."assunto", "public"."Ticket"."categoria", "public"."Ticket"."mensagem", "public"."Ticket"."status", "public"."Ticket"."resposta", "public"."Ticket"."respondidoPor", "public"."Ticket"."dataResposta", "public"."Ticket"."createdAt" FROM "public"."Ticket" WHERE "public"."Ticket"."usuarioId" = $1 ORDER BY "public"."Ticket"."createdAt" DESC OFFSET $2
prisma:query SELECT "public"."User"."id", "public"."User"."nome" FROM "public"."User" WHERE "public"."User"."id" IN ($1) OFFSET $2
prisma:query SELECT "public"."Lembrete"."id", "public"."Lembrete"."usuarioId", "public"."Lembrete"."titulo", "public"."Lembrete"."horario", "public"."Lembrete"."tipo", "public"."Lembrete"."frequencia", "public"."Lembrete"."feito", "public"."Lembrete"."medicamento" FROM "public"."Lembrete" WHERE "public"."Lembrete"."usuarioId" = $1 ORDER BY "public"."Lembrete"."horario" ASC OFFSET $2
prisma:query SELECT "public"."Consentimento"."id", "public"."Consentimento"."pacienteId", "public"."Consentimento"."quem", "public"."Consentimento"."perfil", "public"."Consentimento"."finalidade", "public"."Consentimento"."documentos", "public"."Consentimento"."aceito", "public"."Consentimento"."createdAt" FROM "public"."Consentimento" WHERE ("public"."Consentimento"."pacienteId" = $1 OR "public"."Consentimento"."quem" = $2) ORDER BY "public"."Consentimento"."createdAt" DESC OFFSET $3
prisma:query SELECT "public"."Mensagem"."id", "public"."Mensagem"."deId", "public"."Mensagem"."paraId", "public"."Mensagem"."texto", "public"."Mensagem"."lida", "public"."Mensagem"."createdAt" FROM "public"."Mensagem" WHERE ("public"."Mensagem"."deId" = $1 OR "public"."Mensagem"."paraId" = $2) ORDER BY "public"."Mensagem"."createdAt" ASC OFFSET $3
prisma:query SELECT "public"."User"."id", "public"."User"."nome" FROM "public"."User" WHERE ("public"."User"."role" = $1 AND "public"."User"."status" = $2) LIMIT $3 OFFSET $4
prisma:query SELECT "public"."PerfilPaciente"."id", "public"."PerfilPaciente"."userId", "public"."PerfilPaciente"."cpf", "public"."PerfilPaciente"."telefone", "public"."PerfilPaciente"."convenio", "public"."PerfilPaciente"."idade", "public"."PerfilPaciente"."genero", "public"."PerfilPaciente"."alergias", "public"."PerfilPaciente"."medicamentos", "public"."PerfilPaciente"."tipoSanguineo", "public"."PerfilPaciente"."peso", "public"."PerfilPaciente"."altura" FROM "public"."PerfilPaciente" WHERE ("public"."PerfilPaciente"."userId" = $1 AND 1=1) LIMIT $2 OFFSET $3
prisma:query SELECT "public"."User"."id", "public"."User"."nome", "public"."User"."email" FROM "public"."User" WHERE "public"."User"."id" IN ($1) OFFSET $2
prisma:query SELECT 1
prisma:query SELECT "public"."Sessao"."id", "public"."Sessao"."userId", "public"."Sessao"."expiresAt", "public"."Sessao"."createdAt" FROM "public"."Sessao" WHERE ("public"."Sessao"."id" = $1 AND 1=1) LIMIT $2 OFFSET $3
prisma:query SELECT "public"."User"."id", "public"."User"."nome", "public"."User"."email", "public"."User"."senhaHash", "public"."User"."role", "public"."User"."status", "public"."User"."createdAt", "public"."User"."updatedAt" FROM "public"."User" WHERE "public"."User"."id" IN ($1) OFFSET $2
prisma:query SELECT "public"."Mensagem"."id", "public"."Mensagem"."deId", "public"."Mensagem"."paraId", "public"."Mensagem"."texto", "public"."Mensagem"."lida", "public"."Mensagem"."createdAt" FROM "public"."Mensagem" WHERE ("public"."Mensagem"."deId" = $1 OR "public"."Mensagem"."paraId" = $2) ORDER BY "public"."Mensagem"."createdAt" ASC OFFSET $3
prisma:query SELECT "public"."Sessao"."id", "public"."Sessao"."userId", "public"."Sessao"."expiresAt", "public"."Sessao"."createdAt" FROM "public"."Sessao" WHERE ("public"."Sessao"."id" = $1 AND 1=1) LIMIT $2 OFFSET $3
prisma:query SELECT "public"."User"."id", "public"."User"."nome", "public"."User"."email", "public"."User"."senhaHash", "public"."User"."role", "public"."User"."status", "public"."User"."createdAt", "public"."User"."updatedAt" FROM "public"."User" WHERE "public"."User"."id" IN ($1) OFFSET $2
prisma:query SELECT "public"."Mensagem"."id", "public"."Mensagem"."deId", "public"."Mensagem"."paraId", "public"."Mensagem"."texto", "public"."Mensagem"."lida", "public"."Mensagem"."createdAt" FROM "public"."Mensagem" WHERE ("public"."Mensagem"."deId" = $1 OR "public"."Mensagem"."paraId" = $2) ORDER BY "public"."Mensagem"."createdAt" ASC OFFSET $3
